id,response
0,"FINAL_ANSWERS:
\boxed{4, 16}"
1,"FINAL_ANSWERS:
\boxed{A}"
2,"FINAL_ANSWERS:
\boxed{-1.460593403, 1.644853626, A}"
3,"FINAL_ANSWERS:
\boxed{B}"
4,"FINAL_ANSWERS:
\boxed{\dfrac{-7*\sqrt{149}}{149}, \dfrac{10\sqrt{149}}{149}, -(7)/(10)}"
5,"FINAL_ANSWERS:
\boxed{541.3, 63.25, 135.325, 4.216666666666667, 32.09288505747126}"
6,"FINAL_ANSWERS:
\boxed{148.02}"
7,"FINAL_ANSWERS:
\boxed{0}"
8,"FINAL_ANSWERS:
\boxed{420}"
9,"FINAL_ANSWERS:
\boxed{L-8*x, 6*F}"
10,"FINAL_ANSWERS:
\boxed{E}"
11,"FINAL_ANSWERS:
\boxed{0.9391188}"
12,"FINAL_ANSWERS:
\boxed{2*c+4*p=70, 11}"
13,"FINAL_ANSWERS:
\boxed{C}"
14,"FINAL_ANSWERS:
\boxed{(ln(35))/(ln(3))}"
15,"FINAL_ANSWERS:
\boxed{8, NONE}"
16,"FINAL_ANSWERS:
\boxed{2}"
17,"FINAL_ANSWERS:
\boxed{A}"
18,"FINAL_ANSWERS:
\boxed{I}"
19,"FINAL_ANSWERS:
\boxed{S}"
20,"FINAL_ANSWERS:
\boxed{228, 229, 250}"
21,"FINAL_ANSWERS:
\boxed{0.2915*t+56.9333, 67.4}"
22,"FINAL_ANSWERS:
\boxed{G}"
23,"FINAL_ANSWERS:
\boxed{H}"
24,"FINAL_ANSWERS:
\boxed{1}"
25,"FINAL_ANSWERS:
\boxed{0.126984126984127, 0.095238095238095, 0.174603174603175, 0.269841269841270, 0.206349206349206, 0.126984126984127, 8, 14, 25, 42, 55, 63}"
26,"FINAL_ANSWERS:
\boxed{I}"
27,"Okay, let's tackle this problem step by step. First, I need to solve two equations in the interval [0, 2π]. The first equation is sin(t) = √3/2, and the second is sin(t) = -1/2. The answers should be given as multiples of π, so I need to find the angles in [0, 2π] where sine equals those values.

Starting with the first equation: sin(t) = √3/2. I remember that sine is positive in the first and second quadrants. The reference angle for √3/2 is π/3 because sin(π/3) = √3/2. So in the first quadrant, the angle is π/3. In the second quadrant, it's π - π/3 = 2π/3. Let me check: sin(π/3) = √3/2, sin(2π/3) = sin(π - π/3) = sin(π/3) = √3/2. Yep, those are the two solutions in [0, 2π].

Now the second equation: sin(t) = -1/2. Sine is negative in the third and fourth quadrants. The reference angle here is π/6 because sin(π/6) = 1/2, so the negative angle would be π/6. In the third quadrant, the angle is π + π/6 = 7π/6. In the fourth quadrant, it's 2π - π/6 = 11π/6. Let me verify: sin(7π/6) = sin(π + π/6) = -sin(π/6) = -1/2, and sin(11π/6) = sin(2π - π/6) = -sin(π/6) = -1/2. Perfect, those are the two solutions.

Wait, the problem says ""t=[ANS] π"" for each equation. So for the first equation, the answers are π/3 and 2π/3, so the multiples are 1/3 and 2/3. For the second equation, the answers are 7π/6 and 11π/6, so the multiples are 7/6 and 11/6.

Let me make sure I didn't miss any solutions. For sin(t) = √3/2, in [0, 2π], only two solutions: π/3 and 2π/3. For sin(t) = -1/2, also two solutions: 7π/6 and 11π/6. That's correct.

The problem says ""if there is more than one answer enter them separated by commas"". So the first blank (for sin(t)=√3/2) has two answers: 1/3, 2/3. The second blank (for sin(t)=-1/2) has two answers: 7/6, 11/6.

Wait, the problem says ""t=[ANS] π"" so each answer is a multiple, so for example, π/3 is 1/3 π, so the answer is 1/3. Similarly, 2π/3 is 2/3 π, so 2/3. For the second equation, 7π/6 is 7/6 π, so 7/6, and 11π/6 is 11/6 π, so 11/6.

Yes, that's right. So the first [ANS] is 1/3, 2/3 and the second [ANS] is 7/6, 11/6.

Let me check if the problem says ""the answer should be a fraction or an integer"". These are all fractions, so that's good. No decimals, no π in the answers because they said ""π is already included in the answer so you just have to enter the appropriate multiple"".

So the final answers are 1/3, 2/3 for the first equation, and 7/6, 11/6 for the second equation.
</think>

FINAL_ANSWERS:
\boxed{1/3, 2/3, 7/6, 11/6}"
28,"FINAL_ANSWERS:
\boxed{2, 70, 1, 768, 2, 140}"
29,"FINAL_ANSWERS:
\boxed{38.2}"
30,"FINAL_ANSWERS:
\boxed{2944, 664}"
31,"FINAL_ANSWERS:
\boxed{-3, 42}"
32,"FINAL_ANSWERS:
\boxed{\sqrt{101}, -1, -(7)/(2)}"
33,"FINAL_ANSWERS:
\boxed{F}"
34,"FINAL_ANSWERS:
\boxed{J}"
35,"FINAL_ANSWERS:
\boxed{down, ln p}"
36,"FINAL_ANSWERS:
\boxed{40*x**(10)*y**(9)}"
37,"FINAL_ANSWERS:
\boxed{Tommy, Chucky, February 7}"
38,"FINAL_ANSWERS:
\boxed{B}"
39,"FINAL_ANSWERS:
\boxed{475}"
40,"FINAL_ANSWERS:
\boxed{D=800-50*d}"
41,"FINAL_ANSWERS:
\boxed{-1}"
42,"FINAL_ANSWERS:
\boxed{No, Yes, A}"
43,"FINAL_ANSWERS:
\boxed{3/8, 14, 28}"
44,"FINAL_ANSWERS:
\boxed{True, True, True, False}"
45,"FINAL_ANSWERS:
\boxed{J}"
46,"FINAL_ANSWERS:
\boxed{1.644853627, 1.719267000, 1.959963984, -1.959963984, 1.719267000, B, A}"
47,"FINAL_ANSWERS:
\boxed{F}"
48,"FINAL_ANSWERS:
\boxed{C}"
49,"FINAL_ANSWERS:
\boxed{0.0144}"
50,"FINAL_ANSWERS:
\boxed{140*A+150*B=5930, 3*A+4*B=142}"
51,"FINAL_ANSWERS:
\boxed{25452}"
52,"FINAL_ANSWERS:
\boxed{231, 385}"
53,"FINAL_ANSWERS:
\boxed{F}"
54,"FINAL_ANSWERS:
\boxed{3}"
55,"FINAL_ANSWERS:
\boxed{y=5*x**(4)}"
56,"FINAL_ANSWERS:
\boxed{D, D, A}"
57,"FINAL_ANSWERS:
\boxed{4}"
58,"FINAL_ANSWERS:
\boxed{36}"
59,"FINAL_ANSWERS:
\boxed{49}"
60,"FINAL_ANSWERS:
\boxed{C, A}"
61,"FINAL_ANSWERS:
\boxed{0.76*c, 0, 150, 0.69*c+10.5, 150}"
62,"FINAL_ANSWERS:
\boxed{-15, 192, 0}"
63,"FINAL_ANSWERS:
\boxed{18.756, 16.044}"
64,"FINAL_ANSWERS:
\boxed{-350*cos((pi)/(6)*t)+850}"
65,"FINAL_ANSWERS:
\boxed{-6/7, 2/7}"
66,"FINAL_ANSWERS:
\boxed{2353.6938}"
67,"FINAL_ANSWERS:
\boxed{7.6*(1.09)**(t), 13.8930973181, 5.382349887}"
68,"FINAL_ANSWERS:
\boxed{-2.8571, 6.9864, -1.0817, 3.1427, -3.1427, A, -11.1554, 5.4412}"
69,"FINAL_ANSWERS:
\boxed{G}"
70,"FINAL_ANSWERS:
\boxed{5/56}"
71,"FINAL_ANSWERS:
\boxed{1.16, 18}"
72,"FINAL_ANSWERS:
\boxed{-0.8352, -0.9187, 0.3950, -2.3258, IV}"
73,"FINAL_ANSWERS:
\boxed{E}"
74,"FINAL_ANSWERS:
\boxed{13.2,24.2}"
75,"FINAL_ANSWERS:
\boxed{x > 21250}"
76,"FINAL_ANSWERS:
\boxed{-4, -11, 3, 33, -32, 9, -14, -13}"
77,"FINAL_ANSWERS:
\boxed{D, D, A}"
78,"FINAL_ANSWERS:
\boxed{A}"
79,"FINAL_ANSWERS:
\boxed{25/7}"
80,"FINAL_ANSWERS:
\boxed{G}"
81,"FINAL_ANSWERS:
\boxed{79.4090909090909}"
82,"FINAL_ANSWERS:
\boxed{1.323, 1.676, No, Fail to reject H₀}"
83,"FINAL_ANSWERS:
\boxed{0}"
84,"FINAL_ANSWERS:
\boxed{-4, 5, -11}"
85,"FINAL_ANSWERS:
\boxed{F}"
86,"FINAL_ANSWERS:
\boxed{16}"
87,"FINAL_ANSWERS:
\boxed{OBSERVATION, OBSERVATION, EXPERIMENT}"
88,"FINAL_ANSWERS:
\boxed{C}"
89,"FINAL_ANSWERS:
\boxed{46.57142857}"
90,"FINAL_ANSWERS:
\boxed{7*n+1}"
91,"FINAL_ANSWERS:
\boxed{J}"
92,"FINAL_ANSWERS:
\boxed{E}"
93,"FINAL_ANSWERS:
\boxed{6}"
94,"FINAL_ANSWERS:
\boxed{C}"
95,"FINAL_ANSWERS:
\boxed{9}"
96,"FINAL_ANSWERS:
\boxed{158}"
97,"FINAL_ANSWERS:
\boxed{0, 4, 4}"
98,"FINAL_ANSWERS:
\boxed{A}"
99,"FINAL_ANSWERS:
\boxed{-6, 12, -6}"
100,"FINAL_ANSWERS:
\boxed{25.714285714285715}"
101,"FINAL_ANSWERS:
\boxed{C, C, A, C}"
102,"FINAL_ANSWERS:
\boxed{A}"
103,"FINAL_ANSWERS:
\boxed{11.313708499}"
104,"FINAL_ANSWERS:
\boxed{4.166100924}"
105,"FINAL_ANSWERS:
\boxed{24, 9.114091602}"
106,"FINAL_ANSWERS:
\boxed{2.166666666666666}"
107,"FINAL_ANSWERS:
\boxed{J}"
108,"FINAL_ANSWERS:
\boxed{72, 12*x}"
109,"FINAL_ANSWERS:
\boxed{B}"
110,"FINAL_ANSWERS:
\boxed{A, (3,9)}"
111,"FINAL_ANSWERS:
\boxed{8*x**(3)}"
112,"FINAL_ANSWERS:
\boxed{5}"
113,"FINAL_ANSWERS:
\boxed{(-2*x**(2)-16*x-7)/25}"
114,"FINAL_ANSWERS:
\boxed{D}"
115,"FINAL_ANSWERS:
\boxed{11*x-1200, 11, 109, (y+1200)/11, 1958}"
116,"FINAL_ANSWERS:
\boxed{30, 6}"
117,"FINAL_ANSWERS:
\boxed{B}"
118,"FINAL_ANSWERS:
\boxed{18/5}"
119,"FINAL_ANSWERS:
\boxed{A, C, B, D}"
120,"FINAL_ANSWERS:
\boxed{-43}"
121,"FINAL_ANSWERS:
\boxed{35}"
122,"FINAL_ANSWERS:
\boxed{1174.8, 55}"
123,"FINAL_ANSWERS:
\boxed{G}"
124,"FINAL_ANSWERS:
\boxed{G}"
125,"FINAL_ANSWERS:
\boxed{G}"
126,"FINAL_ANSWERS:
\boxed{138000}"
127,"FINAL_ANSWERS:
\boxed{10.7}"
128,"FINAL_ANSWERS:
\boxed{(y-3)/(y+3)}"
129,"FINAL_ANSWERS:
\boxed{5*csc(t), \sqrt{7}, -3*cos(t), 2*\sqrt{2}*tan(t)}"
130,"FINAL_ANSWERS:
\boxed{r**(42)}"
131,"FINAL_ANSWERS:
\boxed{0.10845}"
132,"FINAL_ANSWERS:
\boxed{10.8}"
133,"FINAL_ANSWERS:
\boxed{-\sqrt{3}/2, (1)/(2), -\sqrt{3}, 2}"
134,"FINAL_ANSWERS:
\boxed{1, 5, 12, 20, 26, 30, 31, 27.625}"
135,"FINAL_ANSWERS:
\boxed{3/5}"
136,"FINAL_ANSWERS:
\boxed{A, C}"
137,"FINAL_ANSWERS:
\boxed{2/13, 2/1}"
138,"FINAL_ANSWERS:
\boxed{7236.81}"
139,"FINAL_ANSWERS:
\boxed{201, (1)/(n(n+1))}"
140,"FINAL_ANSWERS:
\boxed{2744}"
141,"FINAL_ANSWERS:
\boxed{A}"
142,"FINAL_ANSWERS:
\boxed{7,8,9,10,11}"
143,"FINAL_ANSWERS:
\boxed{0, -8, 0, 6, 3, 3\sqrt{3}}"
144,"FINAL_ANSWERS:
\boxed{C}"
145,"FINAL_ANSWERS:
\boxed{x/5280, 4.734848484848485, 25000}"
146,"FINAL_ANSWERS:
\boxed{F}"
147,"FINAL_ANSWERS:
\boxed{I}"
148,"FINAL_ANSWERS:
\boxed{A}"
149,"FINAL_ANSWERS:
\boxed{6.85}"
150,"FINAL_ANSWERS:
\boxed{A}"
151,"FINAL_ANSWERS:
\boxed{36}"
152,"FINAL_ANSWERS:
\boxed{J}"
153,"FINAL_ANSWERS:
\boxed{B}"
154,"FINAL_ANSWERS:
\boxed{18.75}"
155,"FINAL_ANSWERS:
\boxed{12.17}"
156,"FINAL_ANSWERS:
\boxed{H}"
157,"FINAL_ANSWERS:
\boxed{7*cos(0.1*t)-50*sin(0.1*t), -46.30541747}"
158,"FINAL_ANSWERS:
\boxed{A, C}"
159,"FINAL_ANSWERS:
\boxed{0.07, 0.007, 0.0007}"
160,"FINAL_ANSWERS:
\boxed{(22+x)/y, multiplicative identity}"
161,"FINAL_ANSWERS:
\boxed{202}"
162,"FINAL_ANSWERS:
\boxed{B}"
163,"FINAL_ANSWERS:
\boxed{9, -5, 4}"
164,"FINAL_ANSWERS:
\boxed{G}"
165,"FINAL_ANSWERS:
\boxed{B}"
166,"FINAL_ANSWERS:
\boxed{175*((1)/(4))**(n)}"
167,"FINAL_ANSWERS:
\boxed{B, A, B, B}"
168,"FINAL_ANSWERS:
\boxed{A, C, B, B}"
169,"FINAL_ANSWERS:
\boxed{400}"
170,"FINAL_ANSWERS:
\boxed{A}"
171,"FINAL_ANSWERS:
\boxed{20}"
172,"FINAL_ANSWERS:
\boxed{1320/3721}"
173,"FINAL_ANSWERS:
\boxed{C}"
174,"FINAL_ANSWERS:
\boxed{7, 7/8}"
175,"FINAL_ANSWERS:
\boxed{I}"
176,"FINAL_ANSWERS:
\boxed{(p-6*k-m)/8}"
177,"FINAL_ANSWERS:
\boxed{A}"
178,"FINAL_ANSWERS:
\boxed{C}"
179,"FINAL_ANSWERS:
\boxed{29, 3, 21, 1, 21, 4, 19, 4, 23, 3}"
180,"FINAL_ANSWERS:
\boxed{(1)/(2)*m-(7)/(2)}"
181,"FINAL_ANSWERS:
\boxed{A}"
182,"FINAL_ANSWERS:
\boxed{E}"
183,"FINAL_ANSWERS:
\boxed{D}"
184,"FINAL_ANSWERS:
\boxed{J}"
185,"FINAL_ANSWERS:
\boxed{T, F, T, F, T}"
186,"FINAL_ANSWERS:
\boxed{D}"
187,"FINAL_ANSWERS:
\boxed{0.03, 0.02, 0.45, 0.62, 25, 18, 2, 30, 22}"
188,"FINAL_ANSWERS:
\boxed{60, 60, 60}"
189,"FINAL_ANSWERS:
\boxed{850*a+1200*r=35000}"
190,"FINAL_ANSWERS:
\boxed{-21/8}"
191,"FINAL_ANSWERS:
\boxed{D, A, C, B, E}"
192,"FINAL_ANSWERS:
\boxed{1.0585, (1.8808, infty), 0.14491, A}"
193,"FINAL_ANSWERS:
\boxed{A}"
194,"FINAL_ANSWERS:
\boxed{600, April, 1908, 880, February, 1907}"
195,"FINAL_ANSWERS:
\boxed{(-3.9454,0.7454)}"
196,"FINAL_ANSWERS:
\boxed{14.7447, 10.3244, 35.0000}"
197,"FINAL_ANSWERS:
\boxed{3, 4}"
198,"FINAL_ANSWERS:
\boxed{3}"
199,"FINAL_ANSWERS:
\boxed{37}"
200,"FINAL_ANSWERS:
\boxed{D}"
201,"FINAL_ANSWERS:
\boxed{1*(5*t+8)*(5*t+8)}"
202,"FINAL_ANSWERS:
\boxed{54/35}"
203,"FINAL_ANSWERS:
\boxed{I}"
204,"FINAL_ANSWERS:
\boxed{G}"
205,"FINAL_ANSWERS:
\boxed{3/4, 11/20}"
206,"FINAL_ANSWERS:
\boxed{4}"
207,"FINAL_ANSWERS:
\boxed{14/5}"
208,"FINAL_ANSWERS:
\boxed{16.2, 4.677206}"
209,"FINAL_ANSWERS:
\boxed{B}"
210,"FINAL_ANSWERS:
\boxed{(-49*\sqrt{3}-16*\sqrt{33})/15, 2*x/(1+x**(2))}"
211,"FINAL_ANSWERS:
\boxed{S}"
212,"FINAL_ANSWERS:
\boxed{J}"
213,"FINAL_ANSWERS:
\boxed{2/9}"
214,"FINAL_ANSWERS:
\boxed{11, F, 7, T}"
215,"FINAL_ANSWERS:
\boxed{752}"
216,"FINAL_ANSWERS:
\boxed{60}"
217,"FINAL_ANSWERS:
\boxed{C}"
218,"FINAL_ANSWERS:
\boxed{0.7754}"
219,"FINAL_ANSWERS:
\boxed{27}"
220,"FINAL_ANSWERS:
\boxed{A}"
221,"FINAL_ANSWERS:
\boxed{2750}"
222,"FINAL_ANSWERS:
\boxed{C}"
223,"FINAL_ANSWERS:
\boxed{A}"
224,"FINAL_ANSWERS:
\boxed{2643}"
225,"FINAL_ANSWERS:
\boxed{0.625, 4, 2.776, A}"
226,"FINAL_ANSWERS:
\boxed{8}"
227,"FINAL_ANSWERS:
\boxed{9, C}"
228,"FINAL_ANSWERS:
\boxed{v**(7)}"
229,"FINAL_ANSWERS:
\boxed{4}"
230,"FINAL_ANSWERS:
\boxed{-2.424489803}"
231,"FINAL_ANSWERS:
\boxed{147/31+(16/31)*x}"
232,"FINAL_ANSWERS:
\boxed{40, 37, 3}"
233,"FINAL_ANSWERS:
\boxed{1.96, -1.96, -5.1766, B}"
234,"FINAL_ANSWERS:
\boxed{29*x**(7)+6*x**(5)}"
235,"FINAL_ANSWERS:
\boxed{B}"
236,"FINAL_ANSWERS:
\boxed{6*e, -6}"
237,"FINAL_ANSWERS:
\boxed{50}"
238,"FINAL_ANSWERS:
\boxed{-61, 61, 62}"
239,"FINAL_ANSWERS:
\boxed{35, 3.44949829}"
240,"FINAL_ANSWERS:
\boxed{12, 4.9, 3.3}"
241,"FINAL_ANSWERS:
\boxed{B}"
242,"FINAL_ANSWERS:
\boxed{241.2222222222222, 239.5, 233, 221.7075491764706, 14.8898472, 6.1710000}"
243,"FINAL_ANSWERS:
\boxed{0.892460702, 0.215078596}"
244,"FINAL_ANSWERS:
\boxed{F}"
245,"FINAL_ANSWERS:
\boxed{980}"
246,"FINAL_ANSWERS:
\boxed{25, 23, 17, 23, 19}"
247,"FINAL_ANSWERS:
\boxed{2474, 2474/(1+(2409/65)*e**(-0.53*t)), 2473.8386}"
248,"FINAL_ANSWERS:
\boxed{2024}"
249,"FINAL_ANSWERS:
\boxed{G}"
250,"FINAL_ANSWERS:
\boxed{12}"
251,"FINAL_ANSWERS:
\boxed{172.7}"
252,"FINAL_ANSWERS:
\boxed{C}"
253,"FINAL_ANSWERS:
\boxed{E}"
254,"FINAL_ANSWERS:
\boxed{H}"
255,"FINAL_ANSWERS:
\boxed{A}"
256,"FINAL_ANSWERS:
\boxed{-30, 30}"
257,"FINAL_ANSWERS:
\boxed{2.5203, 2.9997, A}"
258,"FINAL_ANSWERS:
\boxed{C}"
259,"FINAL_ANSWERS:
\boxed{B}"
260,"FINAL_ANSWERS:
\boxed{-22, 8}"
261,"FINAL_ANSWERS:
\boxed{4}"
262,"FINAL_ANSWERS:
\boxed{850-50*t, 1480-140*t, 7}"
263,"FINAL_ANSWERS:
\boxed{E}"
264,"FINAL_ANSWERS:
\boxed{256*pi t**(2)}"
265,"FINAL_ANSWERS:
\boxed{A, D}"
266,"FINAL_ANSWERS:
\boxed{C}"
267,"FINAL_ANSWERS:
\boxed{C}"
268,"FINAL_ANSWERS:
\boxed{4450, 14}"
269,"FINAL_ANSWERS:
\boxed{1.598, 0.3198, B}"
270,"FINAL_ANSWERS:
\boxed{1.255}"
271,"FINAL_ANSWERS:
\boxed{-4,0,4}"
272,"FINAL_ANSWERS:
\boxed{B}"
273,"FINAL_ANSWERS:
\boxed{-cos(x)**2, 1, 2*cos**(2)*(x)}"
274,"FINAL_ANSWERS:
\boxed{G}"
275,"FINAL_ANSWERS:
\boxed{22}"
276,"FINAL_ANSWERS:
\boxed{1373/2744, none}"
277,"FINAL_ANSWERS:
\boxed{38800.00}"
278,"FINAL_ANSWERS:
\boxed{38}"
279,"FINAL_ANSWERS:
\boxed{J}"
280,"FINAL_ANSWERS:
\boxed{H}"
281,"FINAL_ANSWERS:
\boxed{-0.4618, 0.8870, -0.5206, -2.1654}"
282,"FINAL_ANSWERS:
\boxed{e**(2),-e**(2)}"
283,"FINAL_ANSWERS:
\boxed{114}"
284,"FINAL_ANSWERS:
\boxed{E}"
285,"FINAL_ANSWERS:
\boxed{1}"
286,"FINAL_ANSWERS:
\boxed{H}"
287,"FINAL_ANSWERS:
\boxed{212, 136}"
288,"FINAL_ANSWERS:
\boxed{96*(0.9)**(n), 27.1132355022, 43}"
289,"FINAL_ANSWERS:
\boxed{4, 9}"
290,"FINAL_ANSWERS:
\boxed{C}"
291,"FINAL_ANSWERS:
\boxed{2304}"
292,"FINAL_ANSWERS:
\boxed{-2-\sqrt{3}}"
293,"FINAL_ANSWERS:
\boxed{2025*t-4300}"
294,"FINAL_ANSWERS:
\boxed{43.2, 7.2, 6}"
295,"FINAL_ANSWERS:
\boxed{C}"
296,"FINAL_ANSWERS:
\boxed{45, 180, 270}"
297,"FINAL_ANSWERS:
\boxed{0.2371708245, (-infty, -1.880793607)*U(1.880793607, infty), 0.810954, C}"
298,"FINAL_ANSWERS:
\boxed{C}"
299,"FINAL_ANSWERS:
\boxed{18805.7, No}"
300,"FINAL_ANSWERS:
\boxed{6500}"
301,"FINAL_ANSWERS:
\boxed{0.878, 57.2}"
302,"FINAL_ANSWERS:
\boxed{H}"
303,"FINAL_ANSWERS:
\boxed{C}"
304,"FINAL_ANSWERS:
\boxed{G}"
305,"FINAL_ANSWERS:
\boxed{B}"
306,"FINAL_ANSWERS:
\boxed{H}"
307,"FINAL_ANSWERS:
\boxed{4/3}"
308,"FINAL_ANSWERS:
\boxed{00}"
309,"FINAL_ANSWERS:
\boxed{83000}"
310,"FINAL_ANSWERS:
\boxed{4*k+6, 5*k-11, NO}"
311,"FINAL_ANSWERS:
\boxed{1584.893192}"
312,"FINAL_ANSWERS:
\boxed{1}"
313,"FINAL_ANSWERS:
\boxed{-\frac{2*\sqrt{14}}{15}}"
314,"FINAL_ANSWERS:
\boxed{7, -8, -4}"
315,"FINAL_ANSWERS:
\boxed{B, B, A}"
316,"FINAL_ANSWERS:
\boxed{D}"
317,"FINAL_ANSWERS:
\boxed{H}"
318,"FINAL_ANSWERS:
\boxed{8, 0.5628022225}"
319,"FINAL_ANSWERS:
\boxed{F, T, T, F}"
320,"FINAL_ANSWERS:
\boxed{approaches 1, 3.73}"
321,"FINAL_ANSWERS:
\boxed{H}"
322,"FINAL_ANSWERS:
\boxed{40, 25, 1000}"
323,"FINAL_ANSWERS:
\boxed{[10,12), [-8,-6), [10,18), [-16,-6)}"
324,"FINAL_ANSWERS:
\boxed{H}"
325,"FINAL_ANSWERS:
\boxed{[0,280], [0,14]}"
326,"FINAL_ANSWERS:
\boxed{0.67, 0.36, 0.06}"
327,"FINAL_ANSWERS:
\boxed{7.6}"
328,"FINAL_ANSWERS:
\boxed{B, D, A, C}"
329,"FINAL_ANSWERS:
\boxed{H}"
330,"FINAL_ANSWERS:
\boxed{26.76, 2613.93}"
331,"FINAL_ANSWERS:
\boxed{H}"
332,"FINAL_ANSWERS:
\boxed{778, 624}"
333,"FINAL_ANSWERS:
\boxed{54, 62}"
334,"FINAL_ANSWERS:
\boxed{F}"
335,"FINAL_ANSWERS:
\boxed{E}"
336,"FINAL_ANSWERS:
\boxed{D}"
337,"FINAL_ANSWERS:
\boxed{H}"
338,"FINAL_ANSWERS:
\boxed{y-axis, origin}"
339,"FINAL_ANSWERS:
\boxed{G}"
340,"FINAL_ANSWERS:
\boxed{C,E,F}"
341,"FINAL_ANSWERS:
\boxed{x+125, (\sqrt{x**(3)}+5)*(\sqrt[3]{x}+5)}"
342,"FINAL_ANSWERS:
\boxed{negative, positive, negative, positive, positive}"
343,"FINAL_ANSWERS:
\boxed{D, A, C, B, E}"
344,"FINAL_ANSWERS:
\boxed{-5}"
345,"FINAL_ANSWERS:
\boxed{-5/6, 5/6}"
346,"FINAL_ANSWERS:
\boxed{0.7, 0.07, 0.007}"
347,"FINAL_ANSWERS:
\boxed{J}"
348,"FINAL_ANSWERS:
\boxed{D}"
349,"FINAL_ANSWERS:
\boxed{-2/15}"
350,"FINAL_ANSWERS:
\boxed{11100, 11001, 1100111, 1101110, 101001101, 101010100}"
351,"FINAL_ANSWERS:
\boxed{A}"
352,"FINAL_ANSWERS:
\boxed{68}"
353,"FINAL_ANSWERS:
\boxed{8, C, [5,7], D}"
354,"FINAL_ANSWERS:
\boxed{grams, grams, tons, kilograms, grams}"
355,"FINAL_ANSWERS:
\boxed{H}"
356,"FINAL_ANSWERS:
\boxed{F}"
357,"FINAL_ANSWERS:
\boxed{320, 0.06570256}"
358,"FINAL_ANSWERS:
\boxed{B}"
359,"FINAL_ANSWERS:
\boxed{D}"
360,"FINAL_ANSWERS:
\boxed{D}"
361,"FINAL_ANSWERS:
\boxed{180-7*x}"
362,"FINAL_ANSWERS:
\boxed{(6*x-5*y)*(6*x+5*y)}"
363,"FINAL_ANSWERS:
\boxed{10000*0.89**(t), 4970, 19.76}"
364,"FINAL_ANSWERS:
\boxed{Y, N, Y, N}"
365,"FINAL_ANSWERS:
\boxed{C}"
366,"FINAL_ANSWERS:
\boxed{G}"
367,"FINAL_ANSWERS:
\boxed{60.3, 46.3, 53.3}"
368,"FINAL_ANSWERS:
\boxed{C, D, D, E}"
369,"FINAL_ANSWERS:
\boxed{0.75, 5, 2}"
370,"FINAL_ANSWERS:
\boxed{y=-5, 10}"
371,"FINAL_ANSWERS:
\boxed{7.407407407}"
372,"FINAL_ANSWERS:
\boxed{0.51}"
373,"Okay, let's tackle this problem step by step. First, I need to construct a 93% confidence interval for the mean length of all such CDs. The data given is a list of 35 music CD lengths in minutes. 

First, I should check if the sample size is large enough to use the t-distribution or if the population is normally distributed. Since the sample size is 35, which is greater than 30, the Central Limit Theorem applies, so we can use the t-distribution (even though the population might not be normal, the sample mean will be approximately normal). 

First step: calculate the sample mean (x̄) and sample standard deviation (s).

Let me list out all the data points to compute the sum and sum of squares. Let's count how many data points there are. The problem lists them in a table with 35 entries (let me count: first row 7, second 7, third 7, fourth 7, fifth 7, sixth 5? Wait, let's check:

First row: 58.06, 52.42, 48.16, 55.15, 56.49, 47.9, 53.56 → 7

Second row: 51.03, 59.45, 66.46, 71.17, 72.53, 53.69, 74.84 → 7 (total 14)

Third row: 35.15, 70.04, 57.73, 47.68, 46.98, 53.13, 56.35 → 7 (21)

Fourth row: 50.39, 55.29, 46.48, 46.14, 53.41, 51.62, 53.55 → 7 (28)

Fifth row: 45.42, 57.42, 52.88, 60.06, 54.89, 70.56, 55.49 → 7 (35)

Sixth row: 52.94, 35.41, 33.95, 36.2, 56.63 → 5 (wait, the problem says ""randomly selected music CDs"" and lists 35 entries? Let me count again:

First row: 7 numbers

Second row: 7 (total 14)

Third row: 7 (21)

Fourth row: 7 (28)

Fifth row: 7 (35)

Sixth row: 5 numbers (52.94, 35.41, 33.95, 36.2, 56.63) → total 35. Yes, 7*5=35. Good.

Now, let's compute the sum of all data points. Let's add them up.

Let me list all 35 numbers:

1. 58.06

2. 52.42

3. 48.16

4. 55.15

5. 56.49

6. 47.90

7. 53.56

8. 51.03

9. 59.45

10. 66.46

11. 71.17

12. 72.53

13. 53.69

14. 74.84

15. 35.15

16. 70.04

17. 57.73

18. 47.68

19. 46.98

20. 53.13

21. 56.35

22. 50.39

23. 55.29

24. 46.48

25. 46.14

26. 53.41

27. 51.62

28. 53.55

29. 45.42

30. 57.42

31. 52.88

32. 60.06

33. 54.89

34. 70.56

35. 55.49

36. 52.94

37. 35.41

38. 33.95

39. 36.20

40. 56.63

Wait, wait, the problem says ""the lenths (in minutes) of randomly selected music CDs"" and lists them in the array. Let me check the original problem's array:

The array is written as:

58.06& 52.42& 48.16& 55.15& 56.49& 47.9& 53.56

51.03& 59.45& 66.46& 71.17& 72.53& 53.69& 74.84

35.15& 70.04& 57.73& 47.68& 46.98& 53.13& 56.35

50.39& 55.29& 46.48& 46.14& 53.41& 51.62& 53.55

45.42& 57.42& 52.88& 60.06& 54.89& 70.56& 55.49

52.94& 35.41& 33.95& 36.2& 56.63

So that's 7 rows with 7,7,7,7,7,5 entries. Let's count the total entries: 7*5 +5=35+5=40? Wait no, the last row has 5 entries: 52.94, 35.41, 33.95, 36.2, 56.63. So total entries: 7+7+7+7+7+5=35. Yes, 7*5=35. So 35 data points.

Let me compute the sum step by step.

First row (7 numbers):

58.06 + 52.42 = 110.48

110.48 + 48.16 = 158.64

158.64 + 55.15 = 213.79

213.79 + 56.49 = 270.28

270.28 + 47.90 = 318.18

318.18 + 53.56 = 371.74

Second row (7 numbers):

51.03 + 59.45 = 110.48

110.48 + 66.46 = 176.94

176.94 + 71.17 = 248.11

248.11 + 72.53 = 320.64

320.64 + 53.69 = 374.33

374.33 + 74.84 = 449.17

Third row (7 numbers):

35.15 + 70.04 = 105.19

105.19 + 57.73 = 162.92

162.92 + 47.68 = 210.60

210.60 + 46.98 = 257.58

257.58 + 53.13 = 310.71

310.71 + 56.35 = 367.06

Fourth row (7 numbers):

50.39 + 55.29 = 105.68

105.68 + 46.48 = 152.16

152.16 + 46.14 = 198.30

198.30 + 53.41 = 251.71

251.71 + 51.62 = 303.33

303.33 + 53.55 = 356.88

Fifth row (7 numbers):

45.42 + 57.42 = 102.84

102.84 + 52.88 = 155.72

155.72 + 60.06 = 215.78

215.78 + 54.89 = 270.67

270.67 + 70.56 = 341.23

341.23 + 55.49 = 396.72

Last row (5 numbers):

52.94 + 35.41 = 88.35

88.35 + 33.95 = 122.30

122.30 + 36.20 = 158.50

158.50 + 56.63 = 215.13

Now, sum all these row sums:

First row: 371.74

Second row: 449.17 → total so far: 371.74 + 449.17 = 820.91

Third row: 367.06 → 820.91 + 367.06 = 1187.97

Fourth row: 356.88 → 1187.97 + 356.88 = 1544.85

Fifth row: 396.72 → 1544.85 + 396.72 = 1941.57

Last row: 215.13 → 1941.57 + 215.13 = 2156.70

So total sum (Σx) = 2156.70

Sample mean (x̄) = Σx / n = 2156.70 / 35 ≈ 61.62 (let's compute exactly: 2156.70 ÷ 35. 35*61=2135, 2156.70-2135=21.70, 21.70/35=0.62, so 61.62)

Now, compute the sample standard deviation (s). To do that, we need the sum of squared deviations from the mean.

First, let's compute Σ(x - x̄)² = Σx² - (Σx)² / n

So we need Σx².

Let's compute Σx² for each data point.

First row:

58.06² = 3371.3636

52.42² = 2747.3764

48.16² = 2319.7856

55.15² = 3041.5225

56.49² = 3191.0201

47.90² = 2294.41

53.56² = 2868.5936

Sum of first row squares: 3371.3636 + 2747.3764 = 6118.74; +2319.7856=8438.5256; +3041.5225=11480.0481; +3191.0201=14671.0682; +2294.41=16965.4782; +2868.5936=19834.0718

Second row:

51.03² = 2604.0609

59.45² = 3534.3025

66.46² = 4417.0116

71.17² = 5065.2689

72.53² = 5260.5009

53.69² = 2882.3161

74.84² = 5601.0256

Sum: 2604.0609 + 3534.3025 = 6138.3634; +4417.0116=10555.375; +5065.2689=15620.6439; +5260.5009=20881.1448; +2882.3161=23763.4609; +5601.0256=29364.4865

Third row:

35.15² = 1235.5225

70.04² = 4905.6016

57.73² = 3332.3529

47.68² = 2273.8224

46.98² = 2207.0804

53.13² = 2822.0969

56.35² = 3175.3225

Sum: 1235.5225 + 4905.6016 = 6141.1241; +3332.3529=9473.477; +2273.8224=11747.2994; +2207.0804=13954.3798; +2822.0969=16776.4767; +3175.3225=19951.7992

Fourth row:

50.39² = 2539.1521

55.29² = 3057.7841

46.48² = 2160.3904

46.14² = 2129.7996

53.41² = 2852.3281

51.62² = 2665.0244

53.55² = 2867.6025

Sum: 2539.1521 + 3057.7841 = 5596.9362; +2160.3904=7757.3266; +2129.7996=9887.1262; +2852.3281=12739.4543; +2665.0244=15404.4787; +2867.6025=18272.0812

Fifth row:

45.42² = 2063.3764

57.42² = 3297.5564

52.88² = 2796.1344

60.06² = 3607.2036

54.89² = 3012.5121

70.56² = 4978.7136

55.49² = 3079.2401

Sum: 2063.3764 + 3297.5564 = 5360.9328; +2796.1344=8157.0672; +3607.2036=11764.2708; +3012.5121=14776.7829; +4978.7136=19755.4965; +3079.2401=22834.7366

Last row (5 numbers):

52.94² = 2799.9236

35.41² = 1253.7681

33.95² = 1152.6025

36.20² = 1310.44

56.63² = 3206.7569

Sum: 2799.9236 + 1253.7681 = 4053.6917; +1152.6025=5206.2942; +1310.44=6516.7342; +3206.7569=9723.4911

Now, total Σx² = sum of all row squares:

First row: 19834.0718

Second row: 29364.4865 → total 19834.0718 + 29364.4865 = 49198.5583

Third row: 19951.7992 → 49198.5583 + 19951.7992 = 69150.3575

Fourth row: 18272.0812 → 69150.3575 + 18272.0812 = 87422.4387

Fifth row: 22834.7366 → 87422.4387 + 22834.7366 = 110257.1753

Last row: 9723.4911 → 110257.1753 + 9723.4911 = 119980.6664

So Σx² ≈ 119980.6664

Now, (Σx)² / n = (2156.70)² / 35

Compute (2156.70)²: 2156.7 * 2156.7. Let's compute 2156.7²:

2156.7 * 2156.7 = (2000 + 156.7)² = 2000² + 2*2000*156.7 + 156.7² = 4,000,000 + 626,800 + 24,554.89 = 4,000,000 + 626,800 = 4,626,800 + 24,554.89 = 4,651,354.89

Wait, but 2156.7 is the sum, so (2156.7)^2 = 2156.7*2156.7. Let's check with calculator steps:

2156.7 * 2000 = 4,313,400

2156.7 * 156.7 = ?

2156.7 * 100 = 215,670

2156.7 * 50 = 107,835

2156.7 * 6.7 = 2156.7*6 + 2156.7*0.7 = 12,940.2 + 1,509.69 = 14,449.89

So 215,670 + 107,835 = 323,505 + 14,449.89 = 337,954.89

Total (2156.7)^2 = 4,313,400 + 337,954.89 = 4,651,354.89

So (Σx)² / n = 4,651,354.89 / 35 ≈ 132,895.853

Then Σ(x - x̄)² = Σx² - (Σx)²/n = 119980.6664 - 132895.853 ≈ -12915.1866? Wait, that can't be right. Wait, no, I must have messed up the Σx² calculation.

Wait, that's a problem. The sum of squares can't be less than (sum)^2 / n. Wait, no, actually, Σ(x - x̄)² = Σx² - (Σx)²/n, so Σx² must be greater than (Σx)²/n. But here, 119980.6664 vs 132895.853, which is larger? Wait, 119980 is less than 132895, which is impossible. So I made a mistake in calculating Σx².

Ah, right! The sum of squares is the sum of each x squared, so for example, 58.06 squared is 58.06*58.06. Let's recalculate a few to check.

First data point: 58.06. 58^2=3364, 0.06^2=0.0036, 2*58*0.06=6.96, so (58 + 0.06)^2=58² + 2*58*0.06 + 0.06²=3364 + 6.96 + 0.0036=3370.9636. Wait, earlier I had 3371.3636, which is close but maybe I miscalculated.

Let's use a better approach: use a calculator for a few terms.

Let's take the first row:

58.06: 58.06^2 = 58.06*58.06. Let's compute 58*58=3364, 58*0.06=3.48, 0.06*58=3.48, 0.06*0.06=0.0036. So (58 + 0.06)^2 = 58² + 2*58*0.06 + 0.06² = 3364 + 6.96 + 0.0036 = 3370.9636

52.42^2: 52^2=2704, 0.42^2=0.1764, 2*52*0.42=43.68, so 2704 + 43.68 + 0.1764=2747.8564 (earlier I had 2747.3764, close)

48.16^2: 48^2=2304, 0.16^2=0.0256, 2*48*0.16=15.36, so 2304 + 15.36 + 0.0256=2319.3856 (earlier 2319.7856, slight difference)

55.15^2: 55^2=3025, 0.15^2=0.0225, 2*55*0.15=16.5, so 3025 + 16.5 + 0.0225=3041.5225 (correct)

56.49^2: 56^2=3136, 0.49^2=0.2401, 2*56*0.49=54.88, so 3136 + 54.88 + 0.2401=3191.1201 (earlier 3191.0201, close)

47.90^2: 47.9^2 = (48 - 0.1)^2 = 48² - 2*48*0.1 + 0.1² = 2304 - 9.6 + 0.01 = 2294.41 (correct)

53.56^2: 53.56^2 = (53 + 0.56)^2 = 53² + 2*53*0.56 + 0.56² = 2809 + 59.36 + 0.3136 = 2868.6736 (earlier 2868.5936, close)

So first row sum of squares: 3370.9636 + 2747.8564 = 6118.82; +2319.3856=8438.2056; +3041.5225=11479.7281; +3191.1201=14670.8482; +2294.41=16965.2582; +2868.6736=19833.9318

Ah, so my initial Σx² was a bit high. Let's try to use a different method. Maybe use a calculator for the sum.

Alternatively, since this is time-consuming, maybe use the fact that for a 93% confidence interval with n=35, the degrees of freedom is 34.

First, let's get the sample mean. Let's use a calculator approach.

Total sum: Let's add all numbers again carefully.

List of numbers:

58.06, 52.42, 48.16, 55.15, 56.49, 47.9, 53.56,

51.03, 59.45, 66.46, 71.17, 72.53, 53.69, 74.84,

35.15, 70.04, 57.73, 47.68, 46.98, 53.13, 56.35,

50.39, 55.29, 46.48, 46.14, 53.41, 51.62, 53.55,

45.42, 57.42, 52.88, 60.06, 54.89, 70.56, 55.49,

52.94, 35.41, 33.95, 36.2, 56.63

Let's group them into 5 groups of 7 (except last group 5):

Group 1: 58.06, 52.42, 48.16, 55.15, 56.49, 47.9, 53.56 → sum=58.06+52.42=110.48; +48.16=158.64; +55.15=213.79; +56.49=270.28; +47.9=318.18; +53.56=371.74 (correct)

Group 2: 51.03, 59.45, 66.46, 71.17, 72.53, 53.69, 74.84 → 51.03+59.45=110.48; +66.46=176.94; +71.17=248.11; +72.53=320.64; +53.69=374.33; +74.84=449.17 (correct)

Group 3: 35.15, 70.04, 57.73, 47.68, 46.98, 53.13, 56.35 → 35.15+70.04=105.19; +57.73=162.92; +47.68=210.6; +46.98=257.58; +53.13=310.71; +56.35=367.06 (correct)

Group 4: 50.39, 55.29, 46.48, 46.14, 53.41, 51.62, 53.55 → 50.39+55.29=105.68; +46.48=152.16; +46.14=198.3; +53.41=251.71; +51.62=303.33; +53.55=356.88 (correct)

Group 5: 45.42, 57.42, 52.88, 60.06, 54.89, 70.56, 55.49 → 45.42+57.42=102.84; +52.88=155.72; +60.06=215.78; +54.89=270.67; +70.56=341.23; +55.49=396.72 (correct)

Group 6: 52.94, 35.41, 33.95, 36.2, 56.63 → 52.94+35.41=88.35; +33.95=122.3; +36.2=158.5; +56.63=215.13 (correct)

Total sum: 371.74 + 449.17 = 820.91; +367.06=1187.97; +356.88=1544.85; +396.72=1941.57; +215.13=2156.7 (correct). So sum is 2156.7, n=35, so x̄=2156.7/35=61.62 (exactly 61.62, since 35*61=2135, 2156.7-2135=21.7, 21.7/35=0.62).

Now, to compute s, we need the sum of (x - x̄)^2.

Let's compute the sum of squares using a calculator approach. Let's use the formula:

s = sqrt( [Σx² - (Σx)²/n] / (n-1) )

We need Σx². Let's compute Σx² for each data point with more precision.

Let's list all 35 numbers and compute their squares:

1. 58.06 → 58.06² = 3370.9636

2. 52.42 → 52.42² = 2747.8564

3. 48.16 → 48.16² = 2319.3856

4. 55.15 → 55.15² = 3041.5225

5. 56.49 → 56.49² = 3191.1201

6. 47.90 → 47.90² = 2294.4100

7. 53.56 → 53.56² = 2868.6736

8. 51.03 → 51.03² = 2604.0609

9. 59.45 → 59.45² = 3534.3025

10. 66.46 → 66.46² = 4417.0116

11. 71.17 → 71.17² = 5065.2689

12. 72.53 → 72.53² = 5260.5009

13. 53.69 → 53.69² = 2882.3161

14. 74.84 → 74.84² = 5601.0256

15. 35.15 → 35.15² = 1235.5225

16. 70.04 → 70.04² = 4905.6016

17. 57.73 → 57.73² = 3332.3529

18. 47.68 → 47.68² = 2273.8224

19. 46.98 → 46.98² = 2207.0804

20. 53.13 → 53.13² = 2822.0969

21. 56.35 → 56.35² = 3175.3225

22. 50.39 → 50.39² = 2539.1521

23. 55.29 → 55.29² = 3057.7841

24. 46.48 → 46.48² = 2160.3904

25. 46.14 → 46.14² = 2129.7996

26. 53.41 → 53.41² = 2852.3281

27. 51.62 → 51.62² = 2665.0244

28. 53.55 → 53.55² = 2867.6025

29. 45.42 → 45.42² = 2063.3764

30. 57.42 → 57.42² = 3297.5564

31. 52.88 → 52.88² = 2796.1344

32. 60.06 → 60.06² = 3607.2036

33. 54.89 → 54.89² = 3012.5121

34. 70.56 → 70.56² = 4978.7136

35. 55.49 → 55.49² = 3079.2401

36. 52.94 → 52.94² = 2799.9236

37. 35.41 → 35.41² = 1253.7681

38. 33.95 → 33.95² = 1152.6025

39. 36.20 → 36.20² = 1310.4400

40. 56.63 → 56.63² = 3206.7569

Wait, no, there are 35 data points, so numbers 1-35.

Let's list them as 1-35:

1. 58.06

2. 52.42

3. 48.16

4. 55.15

5. 56.49

6. 47.90

7. 53.56

8. 51.03

9. 59.45

10. 66.46

11. 71.17

12. 72.53

13. 53.69

14. 74.84

15. 35.15

16. 70.04

17. 57.73

18. 47.68

19. 46.98

20. 53.13

21. 56.35

22. 50.39

23. 55.29

24. 46.48

25. 46.14

26. 53.41

27. 51.62

28. 53.55

29. 45.42

30. 57.42

31. 52.88

32. 60.06

33. 54.89

34. 70.56

35. 55.49

Now, let's compute Σx²:

1. 3370.9636

2. 2747.8564 → total 6118.82

3. 2319.3856 → 8438.2056

4. 3041.5225 → 11479.7281

5. 3191.1201 → 14670.8482

6. 2294.4100 → 16965.2582

7. 2868.6736 → 19833.9318

8. 2604.0609 → 22438.0 (22438.0 - 19833.9318=2604.0682; 19833.9318+2604.0609=22437.9927)

9. 3534.3025 → 22437.9927 + 3534.3025 = 25972.2952

10. 4417.0116 → 25972.2952 + 4417.0116 = 30389.3068

11. 5065.2689 → 30389.3068 + 5065.2689 = 35454.5757

12. 5260.5009 → 35454.5757 + 5260.5009 = 40715.0766

13. 2882.3161 → 40715.0766 + 2882.3161 = 43597.3927

14. 5601.0256 → 43597.3927 + 5601.0256 = 49198.4183

15. 1235.5225 → 49198.4183 + 1235.5225 = 50433.9408

16. 4905.6016 → 50433.9408 + 4905.6016 = 55339.5424

17. 3332.3529 → 55339.5424 + 3332.3529 = 58671.8953

18. 2273.8224 → 58671.8953 + 2273.8224 = 60945.7177

19. 2207.0804 → 60945.7177 + 2207.0804 = 63152.7981

20. 2822.0969 → 63152.7981 + 2822.0969 = 65974.895

21. 3175.3225 → 65974.895 + 3175.3225 = 69150.2175

22. 2539.1521 → 69150.2175 + 2539.1521 = 71689.3696

23. 3057.7841 → 71689.3696 + 3057.7841 = 74747.1537

24. 2160.3904 → 74747.1537 + 2160.3904 = 76907.5441

25. 2129.7996 → 76907.5441 + 2129.7996 = 79037.3437

26. 2852.3281 → 79037.3437 + 2852.3281 = 81889.6718

27. 2665.0244 → 81889.6718 + 2665.0244 = 84554.6962

28. 2867.6025 → 84554.6962 + 2867.6025 = 87422.2987

29. 2063.3764 → 87422.2987 + 2063.3764 = 89485.6751

30. 3297.5564 → 89485.6751 + 3297.5564 = 92783.2315

31. 2796.1344 → 92783.2315 + 2796.1344 = 95579.3659

32. 3607.2036 → 95579.3659 + 3607.2036 = 99186.5695

33. 3012.5121 → 99186.5695 + 3012.5121 = 102199.0816

34. 4978.7136 → 102199.0816 + 4978.7136 = 107177.7952

35. 3079.2401 → 107177.7952 + 3079.2401 = 110257.0353

So Σx² ≈ 110257.0353

Now, (Σx)² / n = (2156.7)² / 35 = 4651354.89 / 35 ≈ 132895.853

Wait, 2156.7 squared is 2156.7*2156.7. Let's compute 2156.7*2156.7:

2156.7 * 2000 = 4,313,400

2156.7 * 156.7 = 2156.7*(100 + 50 + 6.7) = 215670 + 107835 + 14449.89 = 215670 + 107835 = 323505 + 14449.89 = 337,954.89

Total: 4,313,400 + 337,954.89 = 4,651,354.89

So (Σx)² = 4,651,354.89

(Σx)² / n = 4,651,354.89 / 35 = 132,895.853

Then Σ(x - x̄)² = Σx² - (Σx)²/n = 110257.0353 - 132895.853 ≈ -22638.8177? That's impossible. Wait, no! I see the mistake now: the sum of squares Σx² is the sum of x_i squared, but (Σx)²/n is (sum of x_i)^2 / n, which is a different value. However, Σ(x - x̄)² must be positive, so Σx² must be greater than (Σx)²/n.

Wait, 110257.0353 vs 132895.853: 110k < 132k, which is impossible. So I must have miscalculated Σx².

Ah! The problem is that the sum of squares is in the units of (minutes)^2, but when I calculated Σx², I think I used the wrong numbers. Let's take a small example: if x=1, x²=1; sum x=1, n=1, (sum x)^2/n=1, so Σ(x - x̄)^2=0, which is correct. If x=2, sum x=2, n=1, Σx²=4, (sum x)^2/n=4, so Σ(x - x̄)^2=0. If x=1,2, sum x=3, n=2, Σx²=1+4=5, (sum x)^2/n=9/2=4.5, so Σ(x - x̄)^2=5 - 4.5=0.5, which is correct (variance 0.25, s²=0.5).

So in our case, Σx² must be greater than (sum x)^2 / n. Let's check with a small subset.

Take the first two data points: 58.06 and 52.42. Sum x=110.48, n=2. Σx²=58.06² + 52.42²=3370.9636 + 2747.8564=6118.82. (sum x)^2 / n= (110.48)^2 / 2=12205.7904 / 2=6102.8952. So Σ(x - x̄)^2=6118.82 - 6102.8952=15.9248, which is positive. So Σx² > (sum x)^2 / n.

In our case, for the entire sample, Σx² should be greater than (sum x)^2 / n. So my calculation of Σx² is too low.

Let's recalculate Σx² for the first two data points: 58.06²=3370.9636, 52.42²=2747.8564, sum=6118.82 (correct).

Third data point: 48.16²=48.16*48.16. 48*48=2304, 48*0.16=7.68, 0.16*48=7.68, 0.16*0.16=0.0256, so (48+0.16)^2=2304 + 2*7.68 + 0.0256=2304 + 15.36 + 0.0256=2319.3856 (correct).

Fourth data point: 55.15²=55.15*55.15. 55*55=3025, 55*0.15=8.25, 0.15*55=8.25, 0.15*0.15=0.0225, so 3025 + 2*8.25 + 0.0225=3025 + 16.5 + 0.0225=3041.5225 (correct).

Fifth data point: 56.49²=56.49*56.49. Let's compute 56*56=3136, 56*0.49=27.44, 0.49*56=27.44, 0.49*0.49=0.2401, so 3136 + 2*27.44 + 0.2401=3136 + 54.88 + 0.2401=3191.1201 (correct).

Sixth data point: 47.90²=47.9*47.9= (48 - 0.1)^2=48² - 2*48*0.1 + 0.1²=2304 - 9.6 + 0.01=2294.41 (correct).

Seventh data point: 53.56²=53.56*53.56. 53*53=2809, 53*0.56=29.68, 0.56*53=29.68, 0.56*0.56=0.3136, so 2809 + 2*29.68 + 0.3136=2809 + 59.36 + 0.3136=2868.6736 (correct).

Sum of first 7 squares: 3370.9636 + 2747.8564=6118.82; +2319.3856=8438.2056; +3041.5225=11479.7281; +3191.1201=14670.8482; +2294.41=16965.2582; +2868.6736=19833.9318 (correct).

Now, let's compute (sum x)^2 / n for the first 7 data points: sum x=371.74, n=7. (371.74)^2 /7=138200.0276 /7≈19742.861. Σx²=19833.9318, so Σ(x - x̄)^2=19833.9318 - 19742.861≈91.07, which is positive. Good.

So for the entire sample, Σx² must be greater than (sum x)^2 /n. Let's compute (sum x)^2 /n= (2156.7)^2 /35=4651354.89 /35=132895.853.

Now, let's compute Σx² for the first 7 data points: 19833.9318

Second 7 data points: sum x=449.17, Σx²=29364.4865 (from earlier). Let's check (sum x)^2 /n= (449.17)^2 /7=201700.0489 /7≈28814.2927. Σx²=29364.4865, so Σ(x - x̄)^2=29364.4865 - 28814.2927≈550.1938, which is positive.

Third 7 data points: sum x=367.06, Σx²=19951.7992. (sum x)^2 /n= (367.06)^2 /7=134730.0836 /7≈19247.1548. Σx²=19951.7992, so difference≈704.6444.

Fourth 7 data points: sum x=356.88, Σx²=18272.0812. (sum x)^2 /n= (356.88)^2 /7=127350.0944 /7≈18192.8706. Difference≈18272.0812 - 18192.8706≈79.2106.

Fifth 7 data points: sum x=396.72, Σx²=22834.7366. (sum x)^2 /n= (396.72)^2 /7=157380.0384 /7≈22482.8626. Difference≈22834.7366 - 22482.8626≈351.874.

Last 5 data points: sum x=215.13, Σx²=9723.4911. (sum x)^2 /n= (215.13)^2 /5=46275.0169 /5≈9255.0034. Difference≈9723.4911 - 9255.0034≈468.4877.

Now, total Σx²=19833.9318 + 29364.4865 + 19951.7992 + 18272.0812 + 22834.7366 + 9723.4911.

Let's add them step by step:

19833.9318 + 29364.4865 = 49198.4183

49198.4183 + 19951.7992 = 69150.2175

69150.2175 + 18272.0812 = 87422.2987

87422.2987 + 22834.7366 = 110257.0353

110257.0353 + 9723.4911 = 119980.5264

Ah! I see the mistake earlier: the last row has 5 data points, so the total Σx² is 119980.5264, not 110257.0353. I forgot that the first five rows (each 7 data points) sum to 35 data points, but the problem lists 5 rows with 7,7,7,7,7,5 data points, so total 35. So the Σx² is 119980.5264.

Let's verify with the first 7 data points: Σx²=19833.9318, which is correct.

Now, (sum x)^2 /n = (2156.7)^2 /35 = 4651354.89 /35 = 132895.853.

So Σ(x - x̄)^2 = 119980.5264 - 132895.853 = -12915.3266? No, that's still negative. Wait, no! The sum of squares Σx² is in (minutes)^2, but (sum x)^2 is (minutes)^2, so (sum x)^2 /n is (minutes)^2, so the units are the same.

Wait, 2156.7 is the sum of minutes, so (sum x) is in minutes, so (sum x)^2 is minutes², divided by n (dimensionless) gives minutes². Σx² is also minutes². So the difference is minutes².

But 119980.5264 (minutes²) vs 132895.853 (minutes²): 119k < 132k, which is impossible because Σ(x - x̄)^2 = Σx² - (sum x)^2 /n must be non-negative.

This means I made a mistake in calculating the sum of x. Let's recalculate the total sum.

Let's add all numbers in a different way. Let's list them and add in pairs.

First, list all 35 numbers:

1. 58.06

2. 52.42 → 58.06 + 52.42 = 110.48

3. 48.16 → 110.48 + 48.16 = 158.64

4. 55.15 → 158.64 + 55.15 = 213.79

5. 56.49 → 213.79 + 56.49 = 270.28

6. 47.90 → 270.28 + 47.90 = 318.18

7. 53.56 → 318.18 + 53.56 = 371.74 (row 1)

8. 51.03 → 371.74 + 51.03 = 422.77

9. 59.45 → 422.77 + 59.45 = 482.22

10. 66.46 → 482.22 + 66.46 = 548.68

11. 71.17 → 548.68 + 71.17 = 619.85

12. 72.53 → 619.85 + 72.53 = 692.38

13. 53.69 → 692.38 + 53.69 = 746.07

14. 74.84 → 746.07 + 74.84 = 820.91 (row 2)

15. 35.15 → 820.91 + 35.15 = 856.06

16. 70.04 → 856.06 + 70.04 = 926.10

17. 57.73 → 926.10 + 57.73 = 983.83

18. 47.68 → 983.83 + 47.68 = 1031.51

19. 46.98 → 1031.51 + 46.98 = 1078.49

20. 53.13 → 1078.49 + 53.13 = 1131.62

21. 56.35 → 1131.62 + 56.35 = 1187.97 (row 3)

22. 50.39 → 1187.97 + 50.39 = 1238.36

23. 55.29 → 1238.36 + 55.29 = 1293.65

24. 46.48 → 1293.65 + 46.48 = 1340.13

25. 46.14 → 1340.13 + 46.14 = 1386.27

26. 53.41 → 1386.27 + 53.41 = 1439.68

27. 51.62 → 1439.68 + 51.62 = 1491.30

28. 53.55 → 1491.30 + 53.55 = 1544.85 (row 4)

29. 45.42 → 1544.85 + 45.42 = 1590.27

30. 57.42 → 1590.27 + 57.42 = 1647.69

31. 52.88 → 1647.69 + 52.88 = 1700.57

32. 60.06 → 1700.57 + 60.06 = 1760.63

33. 54.89 → 1760.63 + 54.89 = 1815.52

34. 70.56 → 1815.52 + 70.56 = 1886.08

35. 55.49 → 1886.08 + 55.49 = 1941.57 (row 5)

36. 52.94 → 1941.57 + 52.94 = 1994.51

37. 35.41 → 1994.51 + 35.41 = 2029.92

38. 33.95 → 2029.92 + 33.95 = 2063.87

39. 36.20 → 2063.87 + 36.20 = 2100.07

40. 56.63 → 2100.07 + 56.63 = 2156.70 (last row)

Ah! So the total sum is indeed 2156.70 minutes. So that's correct.

Now, let's compute Σx² correctly. Let's use a calculator for a few more terms.

Take the 15th data point: 35.15. 35.15²=1235.5225 (correct).

16th: 70.04²=4905.6016 (correct).

17th: 57.73²=3332.3529 (correct).

18th: 47.68²=2273.8224 (correct).

19th: 46.98²=2207.0804 (correct).

20th: 53.13²=2822.0969 (correct).

21st: 56.35²=3175.3225 (correct).

22nd: 50.39²=2539.1521 (correct).

23rd: 55.29²=3057.7841 (correct).

24th: 46.48²=2160.3904 (correct).

25th: 46.14²=2129.7996 (correct).

26th: 53.41²=2852.3281 (correct).

27th: 51.62²=2665.0244 (correct).

28th: 53.55²=2867.6025 (correct).

29th: 45.42²=2063.3764 (correct).

30th: 57.42²=3297.5564 (correct).

31st: 52.88²=2796.1344 (correct).

32nd: 60.06²=3607.2036 (correct).

33rd: 54.89²=3012.5121 (correct).

34th: 70.56²=4978.7136 (correct).

35th: 55.49²=3079.2401 (correct).

Now, let's sum all these squares:

Let's group them into"
374,"FINAL_ANSWERS:
\boxed{4000}"
375,"FINAL_ANSWERS:
\boxed{A}"
376,"FINAL_ANSWERS:
\boxed{29}"
377,"FINAL_ANSWERS:
\boxed{B}"
378,"FINAL_ANSWERS:
\boxed{0.000142, 0.00002206, 0.00011994, 0.155352, 15.5352}"
379,"FINAL_ANSWERS:
\boxed{480}"
380,"FINAL_ANSWERS:
\boxed{0.075, 0.239, 32000, 16710, 38000, 0.00248, 52000}"
381,"FINAL_ANSWERS:
\boxed{2040}"
382,"FINAL_ANSWERS:
\boxed{10.388888888888889, 6.111111111111111}"
383,"FINAL_ANSWERS:
\boxed{2}"
384,"FINAL_ANSWERS:
\boxed{(ln(11/32)-3)/5}"
385,"FINAL_ANSWERS:
\boxed{A, A, A}"
386,"FINAL_ANSWERS:
\boxed{3}"
387,"FINAL_ANSWERS:
\boxed{-230}"
388,"FINAL_ANSWERS:
\boxed{4.109677419, 3.522580645, 2.935483871, 1.174193548, 0}"
389,"FINAL_ANSWERS:
\boxed{F}"
390,"FINAL_ANSWERS:
\boxed{3/25, -15/14}"
391,"FINAL_ANSWERS:
\boxed{I}"
392,"FINAL_ANSWERS:
\boxed{81}"
393,"FINAL_ANSWERS:
\boxed{(1/10)*arccos((x-6)/16), -10, 22}"
394,"FINAL_ANSWERS:
\boxed{H}"
395,"FINAL_ANSWERS:
\boxed{28.3333333333333, -23.75, -1.4285714285714}"
396,"FINAL_ANSWERS:
\boxed{(-inf,5), (-3,5]}"
397,"FINAL_ANSWERS:
\boxed{256pi, (2048*pi)/(3)}"
398,"FINAL_ANSWERS:
\boxed{F}"
399,"FINAL_ANSWERS:
\boxed{E}"
400,"FINAL_ANSWERS:
\boxed{E}"
401,"FINAL_ANSWERS:
\boxed{143.24, 240, 52.36, -135}"
402,"FINAL_ANSWERS:
\boxed{J}"
403,"FINAL_ANSWERS:
\boxed{A}"
404,"FINAL_ANSWERS:
\boxed{52}"
405,"FINAL_ANSWERS:
\boxed{S}"
406,"FINAL_ANSWERS:
\boxed{-7}"
407,"FINAL_ANSWERS:
\boxed{C}"
408,"FINAL_ANSWERS:
\boxed{5816/9999, 3017/99999, 574/999, 653/9990, 428/999}"
409,"FINAL_ANSWERS:
\boxed{(-0.7630,4.9770), (0.8349,3.3790)}"
410,"FINAL_ANSWERS:
\boxed{45, 4}"
411,"FINAL_ANSWERS:
\boxed{(392*pi)/(45)}"
412,"FINAL_ANSWERS:
\boxed{\dfrac{4*\sqrt{78}-35}{72}}"
413,"FINAL_ANSWERS:
\boxed{0.8928571429, (1.848,infty), 0.2, A}"
414,"FINAL_ANSWERS:
\boxed{I}"
415,"FINAL_ANSWERS:
\boxed{sqrt{(}A/6), A, (A/6)**(3/2), A}"
416,"FINAL_ANSWERS:
\boxed{11, 16}"
417,"FINAL_ANSWERS:
\boxed{28, 29.1, 1.039285714285714, 1.005555555555556, 0.967545351473921}"
418,"FINAL_ANSWERS:
\boxed{2.95803989, 1.75068608, 0.0015203, B}"
419,"FINAL_ANSWERS:
\boxed{1}"
420,"FINAL_ANSWERS:
\boxed{H}"
421,"FINAL_ANSWERS:
\boxed{-9*\sqrt{5}/20, -\sqrt{5}/20}"
422,"FINAL_ANSWERS:
\boxed{44}"
423,"FINAL_ANSWERS:
\boxed{-0.5}"
424,"FINAL_ANSWERS:
\boxed{parameter, parameter, statistic, statistic}"
425,"FINAL_ANSWERS:
\boxed{7}"
426,"FINAL_ANSWERS:
\boxed{11}"
427,"FINAL_ANSWERS:
\boxed{E}"
428,"FINAL_ANSWERS:
\boxed{43, 55}"
429,"FINAL_ANSWERS:
\boxed{A}"
430,"FINAL_ANSWERS:
\boxed{E}"
431,"FINAL_ANSWERS:
\boxed{5, 42}"
432,"FINAL_ANSWERS:
\boxed{1.202050955,2.129400432,4.343643609,5.270993085}"
433,"FINAL_ANSWERS:
\boxed{C}"
434,"FINAL_ANSWERS:
\boxed{A}"
435,"FINAL_ANSWERS:
\boxed{0.4457, 0.5368, A}"
436,"FINAL_ANSWERS:
\boxed{20}"
437,"FINAL_ANSWERS:
\boxed{(76.3742,79.6258)}"
438,"FINAL_ANSWERS:
\boxed{5, 9, 1, 10, 2, 0, 10, x**(3)*y**(7), 1}"
439,"FINAL_ANSWERS:
\boxed{-(4)/(13)}"
440,"FINAL_ANSWERS:
\boxed{G}"
441,"FINAL_ANSWERS:
\boxed{260}"
442,"FINAL_ANSWERS:
\boxed{H}"
443,"FINAL_ANSWERS:
\boxed{S}"
444,"FINAL_ANSWERS:
\boxed{113, 35, 112, 61, 148, 43}"
445,"FINAL_ANSWERS:
\boxed{S}"
446,"FINAL_ANSWERS:
\boxed{1.87163, 0.97195}"
447,"FINAL_ANSWERS:
\boxed{(-\infty,4]}"
448,"FINAL_ANSWERS:
\boxed{x**(3)-4*x**(2)-6*x+30, x**(2)-9*x+20}"
449,"FINAL_ANSWERS:
\boxed{3.585, 0.00035, B}"
450,"FINAL_ANSWERS:
\boxed{C}"
451,"FINAL_ANSWERS:
\boxed{0.129032258064516, 0.193548387096774, 0.209677419354838, 14, 0.177419354838709, 0.064516129032258}"
452,"FINAL_ANSWERS:
\boxed{42}"
453,"FINAL_ANSWERS:
\boxed{251}"
454,"FINAL_ANSWERS:
\boxed{1.5, 0.9375}"
455,"FINAL_ANSWERS:
\boxed{C}"
456,"FINAL_ANSWERS:
\boxed{-6.92, A, B}"
457,"FINAL_ANSWERS:
\boxed{M}"
458,"FINAL_ANSWERS:
\boxed{-1}"
459,"FINAL_ANSWERS:
\boxed{sin(A)**2, cos(A)/sin(A), sec(A)**2, 1/tan(A), 1/sin(A)}"
460,"FINAL_ANSWERS:
\boxed{F, F, T, T, T, T, F}"
461,"FINAL_ANSWERS:
\boxed{2, 302}"
462,"FINAL_ANSWERS:
\boxed{-7, 8}"
463,"FINAL_ANSWERS:
\boxed{E}"
464,"FINAL_ANSWERS:
\boxed{G}"
465,"FINAL_ANSWERS:
\boxed{H}"
466,"FINAL_ANSWERS:
\boxed{26.9}"
467,"FINAL_ANSWERS:
\boxed{0.027*w, A, A, 4.995}"
468,"FINAL_ANSWERS:
\boxed{0.671358, 0.881583}"
469,"FINAL_ANSWERS:
\boxed{s**2, 0.1575*A, 0.1575*s**2, C, 81, square feet, 14.175, dollars, 19.0575, dollars}"
470,"FINAL_ANSWERS:
\boxed{1.96, 2.201, 2.326, 2.718, 2.576, 3.106}"
471,"FINAL_ANSWERS:
\boxed{C}"
472,"FINAL_ANSWERS:
\boxed{I}"
473,"FINAL_ANSWERS:
\boxed{[-7,-3]}"
474,"FINAL_ANSWERS:
\boxed{C}"
475,"FINAL_ANSWERS:
\boxed{3}"
476,"FINAL_ANSWERS:
\boxed{G}"
477,"FINAL_ANSWERS:
\boxed{A, C}"
478,"FINAL_ANSWERS:
\boxed{-0.3}"
479,"FINAL_ANSWERS:
\boxed{40.35680163, 43.64319837, 40.01099514, 43.98900486}"
480,"FINAL_ANSWERS:
\boxed{2.5, 2.5}"
481,"FINAL_ANSWERS:
\boxed{A}"
482,"FINAL_ANSWERS:
\boxed{H}"
483,"FINAL_ANSWERS:
\boxed{A}"
484,"FINAL_ANSWERS:
\boxed{C}"
485,"FINAL_ANSWERS:
\boxed{135}"
486,"FINAL_ANSWERS:
\boxed{B}"
487,"FINAL_ANSWERS:
\boxed{-21.1, -0.963646}"
488,"FINAL_ANSWERS:
\boxed{2**(2025)}"
489,"FINAL_ANSWERS:
\boxed{385}"
490,"FINAL_ANSWERS:
\boxed{23, BTU/sq ft, 410, sq ft}"
491,"FINAL_ANSWERS:
\boxed{1255.3666666666667, 1091.14662226264, 1419.58671107069, No, Central Limit Theorem}"
492,"FINAL_ANSWERS:
\boxed{81, A}"
493,"FINAL_ANSWERS:
\boxed{14.674, B, 0.0686696017, 0.1082696017}"
494,"FINAL_ANSWERS:
\boxed{7, 0.062}"
495,"FINAL_ANSWERS:
\boxed{100, 100, 200, 0.255, 5.991, B}"
496,"FINAL_ANSWERS:
\boxed{9.594}"
497,"FINAL_ANSWERS:
\boxed{1.1106125148, 88.80500000, 88.80500000, 0.9004040443}"
498,"FINAL_ANSWERS:
\boxed{3}"
499,"FINAL_ANSWERS:
\boxed{36.9, 0.3225, 32.25, 2.149}"
500,"FINAL_ANSWERS:
\boxed{J}"
501,"FINAL_ANSWERS:
\boxed{F}"
502,"FINAL_ANSWERS:
\boxed{8/11}"
503,"FINAL_ANSWERS:
\boxed{y=-43000*x+833000, 446000, 2019}"
504,"FINAL_ANSWERS:
\boxed{-3/2, -3*\sqrt{3}/2}"
505,"FINAL_ANSWERS:
\boxed{3, 6, -5, -4, 2, 2}"
506,"FINAL_ANSWERS:
\boxed{E}"
507,"FINAL_ANSWERS:
\boxed{I}"
508,"FINAL_ANSWERS:
\boxed{(n(n-1))/(2)}"
509,"FINAL_ANSWERS:
\boxed{H}"
510,"FINAL_ANSWERS:
\boxed{1}"
511,"FINAL_ANSWERS:
\boxed{I}"
512,"FINAL_ANSWERS:
\boxed{64*p**(2)+64*p+16}"
513,"FINAL_ANSWERS:
\boxed{-1.40512859, 1.40512859, 1.75068606}"
514,"FINAL_ANSWERS:
\boxed{I}"
515,"FINAL_ANSWERS:
\boxed{-8,1,12,19}"
516,"Okay, let's see. The problem is about the expression 7j - 11j + 4j. First, they want the coefficients. Coefficients are the numbers multiplied by the variable j here. So in each term, the coefficients are 7, -11, and 4. Wait, the problem says ""the coefficients=[ANS] (separate by a comma)"". So I need to list those coefficients. Let me check: 7j has coefficient 7, -11j has coefficient -11, and 4j has coefficient 4. So the coefficients are 7, -11, 4.

Then the second part is simplifying 7j -11j +4j. Let's combine like terms. 7j -11j is -4j, then -4j +4j is 0. So the simplified expression is 0. Wait, is that right? Let's add them up: 7 -11 +4 = 0. Yes, because 7 +4 is 11, minus 11 is 0. So the entire expression simplifies to 0.

So the first answer is the coefficients: 7, -11, 4. The second answer is 0. Let me make sure. The problem says ""the coefficients=[ANS] (separate by a comma)"". So they want the coefficients of each term in the expression. The expression has three terms: 7j, -11j, 4j. So coefficients are 7, -11, 4. Then the simplified expression is 0. Yep, that seems right.
</think>

FINAL_ANSWERS:
\boxed{7, -11, 4, 0}"
517,"FINAL_ANSWERS:
\boxed{E}"
518,"FINAL_ANSWERS:
\boxed{C}"
519,"FINAL_ANSWERS:
\boxed{426.3, 5090, 98.37}"
520,"FINAL_ANSWERS:
\boxed{44}"
521,"FINAL_ANSWERS:
\boxed{F}"
522,"FINAL_ANSWERS:
\boxed{-0.472,0.472}"
523,"FINAL_ANSWERS:
\boxed{2}"
524,"FINAL_ANSWERS:
\boxed{E}"
525,"FINAL_ANSWERS:
\boxed{A}"
526,"FINAL_ANSWERS:
\boxed{y=128*x**(4)+16*x**(2)+4}"
527,"FINAL_ANSWERS:
\boxed{8, 700, x, 25000, 285.7142857142857}"
528,"FINAL_ANSWERS:
\boxed{43185, 2069}"
529,"FINAL_ANSWERS:
\boxed{21.45}"
530,"FINAL_ANSWERS:
\boxed{8/9, 7/9, 5}"
531,"FINAL_ANSWERS:
\boxed{C,D,F,H}"
532,"FINAL_ANSWERS:
\boxed{I}"
533,"FINAL_ANSWERS:
\boxed{0.0562}"
534,"FINAL_ANSWERS:
\boxed{G}"
535,"FINAL_ANSWERS:
\boxed{-6,-4}"
536,"FINAL_ANSWERS:
\boxed{E}"
537,"FINAL_ANSWERS:
\boxed{42}"
538,"FINAL_ANSWERS:
\boxed{E}"
539,"FINAL_ANSWERS:
\boxed{4, 5}"
540,"FINAL_ANSWERS:
\boxed{C, C, A}"
541,"FINAL_ANSWERS:
\boxed{5}"
542,"FINAL_ANSWERS:
\boxed{285, 7457.1111111111, 86.35430222, A}"
543,"FINAL_ANSWERS:
\boxed{1.43, 0.54}"
544,"FINAL_ANSWERS:
\boxed{A}"
545,"FINAL_ANSWERS:
\boxed{400000}"
546,"FINAL_ANSWERS:
\boxed{92, 126, 146, 72, 172}"
547,"FINAL_ANSWERS:
\boxed{H}"
548,"FINAL_ANSWERS:
\boxed{144=x+0.2*x, 120.00}"
549,"FINAL_ANSWERS:
\boxed{J}"
550,"FINAL_ANSWERS:
\boxed{J}"
551,"FINAL_ANSWERS:
\boxed{\sqrt{28}}"
552,"FINAL_ANSWERS:
\boxed{36229.87, 33221.87}"
553,"FINAL_ANSWERS:
\boxed{24, 1.6}"
554,"FINAL_ANSWERS:
\boxed{A}"
555,"FINAL_ANSWERS:
\boxed{1.1094, 0.1336}"
556,"FINAL_ANSWERS:
\boxed{C,D}"
557,"FINAL_ANSWERS:
\boxed{5}"
558,"FINAL_ANSWERS:
\boxed{6.5*x-25}"
559,"FINAL_ANSWERS:
\boxed{-280}"
560,"FINAL_ANSWERS:
\boxed{C, A, A}"
561,"FINAL_ANSWERS:
\boxed{E}"
562,"FINAL_ANSWERS:
\boxed{H}"
563,"FINAL_ANSWERS:
\boxed{20}"
564,"FINAL_ANSWERS:
\boxed{D}"
565,"FINAL_ANSWERS:
\boxed{-7.006, -7.06, -7.6}"
566,"FINAL_ANSWERS:
\boxed{3}"
567,"FINAL_ANSWERS:
\boxed{A, A}"
568,"FINAL_ANSWERS:
\boxed{-10, 3}"
569,"FINAL_ANSWERS:
\boxed{B}"
570,"FINAL_ANSWERS:
\boxed{J}"
571,"FINAL_ANSWERS:
\boxed{E}"
572,"FINAL_ANSWERS:
\boxed{8, -6, 6, 8}"
573,"FINAL_ANSWERS:
\boxed{17/72}"
574,"FINAL_ANSWERS:
\boxed{S}"
575,"FINAL_ANSWERS:
\boxed{G}"
576,"FINAL_ANSWERS:
\boxed{5/2, 1/2}"
577,"FINAL_ANSWERS:
\boxed{F}"
578,"FINAL_ANSWERS:
\boxed{7.62, 9.00, 95.44}"
579,"FINAL_ANSWERS:
\boxed{C}"
580,"FINAL_ANSWERS:
\boxed{D}"
581,"FINAL_ANSWERS:
\boxed{F}"
582,"FINAL_ANSWERS:
\boxed{1035}"
583,"FINAL_ANSWERS:
\boxed{6}"
584,"FINAL_ANSWERS:
\boxed{7*z, 6*w}"
585,"FINAL_ANSWERS:
\boxed{-0.2236067978, 2.262157344, -2.262157344, No, No}"
586,"FINAL_ANSWERS:
\boxed{2.097321429, -1.108779762, 0.1428571429, -0.0313928571}"
587,"FINAL_ANSWERS:
\boxed{(B,C,D,E,F,J), B, (A,B,C,E), C}"
588,"FINAL_ANSWERS:
\boxed{E}"
589,"FINAL_ANSWERS:
\boxed{D}"
590,"FINAL_ANSWERS:
\boxed{D}"
591,"FINAL_ANSWERS:
\boxed{2*cos(1), 2*sin(1), 2*sin(2), 2*cos(2), \sqrt{10}, arctan(-1/3), \sqrt{17}, arctan(1/4)}"
592,"FINAL_ANSWERS:
\boxed{I}"
593,"FINAL_ANSWERS:
\boxed{52.5}"
594,"FINAL_ANSWERS:
\boxed{F}"
595,"Okay, let's tackle this problem step by step. First, part a) is about the logistic regression likelihood and which statements are true.

I remember that in logistic regression, the likelihood function is the product of the probabilities for each data point. For a binary outcome y_i (0 or 1), the probability is given by the logistic function: p_i = 1 / (1 + e^{-x_i \beta}), where β is the coefficient vector. The likelihood L is the product over all i of [p_i^{y_i} (1 - p_i)^{1 - y_i}].

Now, looking at the options:

A. Residual deviance ≥ 0. Residual deviance is defined as -2*(log-likelihood - log-likelihood of saturated model). Since the saturated model has the maximum possible log-likelihood, the residual deviance is always non-negative (it's a sum of squared residuals in the deviance framework). So A is true.

B. Residual deviance ≤ 0. That would be false because residual deviance is always ≥0. So B is false.

C. Likelihood ≤ 0. The likelihood is a product of probabilities, which are between 0 and 1. So each term is positive (since p_i is between 0 and 1, and (1-p_i) is also between 0 and 1), so the product is positive. So likelihood is always positive. Therefore C is false.

D. Log-likelihood ≤ 0. The log-likelihood is the sum of log(p_i^{y_i} (1-p_i)^{1-y_i}) = sum [y_i log p_i + (1-y_i) log (1-p_i)]. Since p_i is between 0 and 1, log p_i is negative (if p_i <1) and log(1-p_i) is negative (if 1-p_i <1). So each term is negative (since y_i is 0 or 1), so the log-likelihood is negative. Wait, but is it always negative? Let's see: if all y_i are 0, then log-likelihood is sum log(1-p_i), which is negative because 1-p_i <1 (since p_i >0). If all y_i are 1, log-likelihood is sum log p_i, which is negative because p_i <1. So yes, log-likelihood is always negative for logistic regression with binary data (since p_i is between 0 and 1, not 1). So D is true? Wait, but wait: the problem says ""the likelihood is less than or equal to 0"" for C, but the log-likelihood is a sum of logs of numbers less than 1, so it's negative. So D says log-likelihood ≤0, which is true because it's negative. Wait, but is it possible for log-likelihood to be zero? Only if all p_i are 1 or 0, but in logistic regression, p_i is a probability between 0 and 1, so log-likelihood is negative. So D is true.

Wait, but let's check again. For example, if a data point has y_i=1 and p_i=1, then log p_i=0, but in logistic regression, p_i=1 only if the linear predictor is infinity, which is not possible with finite data. So in practice, log-likelihood is negative. So D is true.

E. Likelihood ≤1. The likelihood is a product of terms each ≤1 (since p_i ≤1 and (1-p_i) ≤1), so the product is ≤1. But since each term is positive, the product is between 0 and 1. So E is true.

F. Likelihood ≥1. No, because each term is ≤1, so product is ≤1. So F is false.

G. Likelihood ≥0. Yes, because it's a product of positive numbers (probabilities), so likelihood is always positive. So G is true.

H. Log-likelihood ≥0. No, as discussed, log-likelihood is negative. So H is false.

I. Under I have all data values, I cannot determine any of the above. But we have determined some are true, so I is false.

Wait, let's list the true ones:

A: True (residual deviance is always ≥0)

D: True (log-likelihood ≤0, since it's negative)

E: True (likelihood ≤1, since product of terms ≤1)

G: True (likelihood ≥0, since product of positive numbers)

Wait, but let's check E again. The likelihood is the product of [p_i^{y_i} (1-p_i)^{1-y_i}]. Each term is ≤1 (since p_i ≤1 and (1-p_i) ≤1, and exponents are 0 or 1). So the product is ≤1. So E is true.

G: Likelihood ≥0. Yes, because all terms are positive (probabilities are between 0 and 1, but not zero in practice; even if a p_i is 0, the term would be 0, but in logistic regression, p_i is never exactly 0 or 1 for finite data, but theoretically, the likelihood is non-negative. So G is true.

Wait, but the problem says ""the likelihood is less than or equal to 0"" for C. Since likelihood is positive, C is false. G says ""the likelihood is greater than or equal to 0"", which is true.

So the true options are A, D, E, G.

Wait, but let's check the residual deviance. Residual deviance is defined as -2*(log-likelihood - log-likelihood of saturated model). The saturated model has log-likelihood equal to the sum of log(1) for each data point (since for each data point, the saturated model assigns probability 1 to the observed y_i), so log-likelihood of saturated model is sum of 0 (since log(1)=0) for each data point? Wait, no: for a saturated model, the log-likelihood is sum [y_i log(1) + (1-y_i) log(0)]? Wait, no, in the saturated model, for each data point, you have a parameter for each category, so for binary data, the saturated model has log-likelihood equal to sum [y_i log(y_i) + (1-y_i) log(1-y_i)]? Wait, no, maybe I'm confused.

Wait, residual deviance is a measure of how well the model fits. It's defined as the difference between the deviance of the model and the deviance of the saturated model. The deviance is -2*(log-likelihood - log-likelihood of saturated model). Wait, no: the deviance for a model is -2*(log-likelihood of model - log-likelihood of saturated model). So residual deviance is the deviance of the model, which is always non-negative because the saturated model has the maximum log-likelihood. So yes, residual deviance is ≥0. So A is true.

For the log-likelihood: in logistic regression, the log-likelihood is a sum of terms each of which is negative (since p_i is between 0 and 1, so log p_i <0 and log(1-p_i) <0). So the log-likelihood is negative, hence ≤0. So D is true.

The likelihood is a product of numbers between 0 and 1, so it's between 0 and 1. So E (≤1) and G (≥0) are true.

So the correct answers for part a) are A, D, E, G.

Wait, but let's check option I: ""Under I have all data values, I cannot determine any of the above"". But we can determine some, so I is false.

Now part b) asks: The reason for the answer in (a) is because for the likelihood of discrete random variables, the likelihood is a [ANS].

The likelihood for discrete random variables is a product of probabilities (since it's the probability of the observed data given the parameters). So the answer here is ""product"" or ""product of probabilities"". But the question says ""fill in one suitable word"". The standard term is ""product"".

Wait, in statistics, the likelihood function for discrete data is the product of the probability mass functions (PMFs) evaluated at the observed data points. So the likelihood is a product.

So part b) answer is ""product"".

Let me confirm:

For part a), the true statements are A, D, E, G.

Wait, but let's check again. For example, is the log-likelihood always ≤0? Let's take a simple case: suppose we have one data point (x, y) = (0, 1). The logistic model gives p = 1/(1 + e^{-0}) = 0.5. Then the log-likelihood is log(0.5) ≈ -0.693, which is ≤0. If we have a data point where y=0, p=0.5, log-likelihood is log(0.5) ≈ -0.693. So yes, log-likelihood is negative, hence ≤0. So D is true.

The likelihood is 0.5 for that case, which is ≤1 and ≥0, so E and G are true.

Residual deviance: for a model with one parameter, the residual deviance is -2*(log-likelihood - log-likelihood of saturated model). The saturated model has log-likelihood equal to sum [y_i log(y_i) + (1-y_i) log(1-y_i)]? Wait, no. For a saturated model in logistic regression (with no predictors), but in this case, the data has 165 points. The saturated model would have a parameter for each data point, so the log-likelihood of the saturated model is sum [y_i log(y_i) + (1-y_i) log(1-y_i)]? Wait, no, for binary data, the saturated model assigns the probability 1 to the observed y_i, so the log-likelihood is sum [y_i * log(1) + (1-y_i) * log(0)]? That doesn't make sense. Wait, actually, in the saturated model, each data point has its own parameter, so the probability is 1 for y_i=1 and 0 for y_i=0. So the log-likelihood of the saturated model is sum [y_i * log(1) + (1-y_i) * log(0)]? But log(0) is undefined. Hmm, maybe I'm overcomplicating.

In practice, residual deviance is always non-negative because it's a measure of the difference between the model and the saturated model, and it's defined as a sum of squared residuals (in the deviance sense), which is non-negative. So A is true.

So part a) answers: A, D, E, G.

Wait, but the problem says ""there might be more than one correct answer"". Let's list them:

A: True

B: False

C: False (likelihood is positive)

D: True (log-likelihood ≤0)

E: True (likelihood ≤1)

F: False

G: True (likelihood ≥0)

H: False (log-likelihood ≥0 is false)

I: False (we can determine some)

So the correct answers for part a) are A, D, E, G.

But wait, the problem says ""the likelihood is less than or equal to 1"" (E). Since each term in the product is ≤1 (because p_i ≤1 and (1-p_i) ≤1, and exponents are 0 or 1), the product is ≤1. So E is true.

G: ""the likelihood is greater than or equal to 0"" – yes, because it's a product of positive numbers (probabilities are positive, even if approaching 0, the likelihood is positive).

So part a) answers: A, D, E, G.

Part b) answer: ""product"".

Wait, the problem says ""the likelihood is a [ANS]"". The standard term is ""product"" (as in product of probabilities).

Yes, for discrete random variables, the likelihood is a product of the probability mass functions evaluated at the observed data points.

So the answer for part b) is ""product"".

Let me check if there's another possible word. Maybe ""probability"", but no, the likelihood is a product. The term is ""product"".

So the final answers are:

Part a) A, D, E, G

Part b) product

But the problem says ""This problem has 2 [ANS] blanks"". Wait, the problem says ""Part a) ... [ANS] A. ... B. ... etc."" So part a) has multiple answers (the [ANS] blanks are the letters), and part b) has one [ANS] blank.

Wait, the user says: ""This problem has 2 [ANS] blanks."" So part a) has multiple answers (the letters), but the problem says ""Return exactly 2 answers."" Wait, no: the problem says ""This problem has 2 [ANS] blanks."" So the two blanks are: one for part a) (the list of correct letters) and one for part b) (the word).

Wait, the problem says: ""Solve the problem. Keep reasoning short. Final answer rules: Output exactly one final \boxed{}.""

The user says: ""This problem has 2 [ANS] blanks. Return exactly 2 answers.""

So the two answers are: the list of correct letters for part a) (as a comma-separated string) and the word for part b).

But the problem says ""Part a) Consider the likelihood... Which are the following are true? There might be more than one correct answer."" So the [ANS] for part a) is the list of correct letters (e.g., ""A,D,E,G""), and part b) is the word ""product"".

The problem says ""Return exactly 2 answers."" So the final answer should be two answers: the first is the list of correct letters (in order), the second is ""product"".

Wait, but the problem says ""the problem has 2 [ANS] blanks"". So the two blanks are: one for part a) (the multiple answers) and one for part b).

In the problem statement, part a) has options A-I, and the user is to select which are true. The answer for part a) is the letters of the correct options (e.g., A, D, E, G), and part b) is a single word.

The user says: ""Do not box anything before the final answer block."" and ""Output exactly one final \boxed{}.""

So the final answer should be \boxed{A,D,E,G,product}

Wait, but the problem says ""If there are multiple [ANS] blanks, put answers in the same box separated by commas.""

So the two answers are: the list of letters (as a comma-separated string) and the word ""product"".

Wait, but the problem says ""This problem has 2 [ANS] blanks."" So the first [ANS] is for part a) (multiple answers), the second [ANS] is for part b).

So the answer should be the four letters (A,D,E,G) and ""product"".

But let me double-check the part a) answers.

Wait, is the log-likelihood always ≤0? Let's think: in logistic regression, the log-likelihood is the sum over i of [y_i log(p_i) + (1-y_i) log(1-p_i)]. Since p_i is between 0 and 1, log(p_i) <0 and log(1-p_i) <0. So each term is negative (because y_i is 0 or 1, so if y_i=1, it's log(p_i) <0; if y_i=0, it's log(1-p_i) <0). So the sum is negative, hence log-likelihood ≤0 (since it's negative). So D is true.

The likelihood is the product of p_i^{y_i} (1-p_i)^{1-y_i}, which is a product of numbers between 0 and 1, so it's between 0 and 1. Hence, E (≤1) and G (≥0) are true.

Residual deviance is always ≥0 (A is true).

So part a) answers: A, D, E, G.

Part b) answer: product.

So the final answer is \boxed{A,D,E,G,product}

Wait, but the problem says ""the problem has 2 [ANS] blanks"". So the first blank is the list of answers for part a) (which is multiple), and the second blank is the word for part b).

Yes, so the answer is the four letters (A,D,E,G) and ""product"".

I think that's correct.
</think>

FINAL_ANSWERS:
\boxed{A,D,E,G,product}"
596,"FINAL_ANSWERS:
\boxed{G}"
597,"FINAL_ANSWERS:
\boxed{B}"
598,"FINAL_ANSWERS:
\boxed{G}"
599,"FINAL_ANSWERS:
\boxed{1.813022022}"
600,"FINAL_ANSWERS:
\boxed{I}"
601,"FINAL_ANSWERS:
\boxed{(2*s+1), (3*s-1)}"
602,"FINAL_ANSWERS:
\boxed{-70.7767857142857, 0.71875, 53.5669642857143}"
603,"FINAL_ANSWERS:
\boxed{C, A, B}"
604,"FINAL_ANSWERS:
\boxed{J}"
605,"FINAL_ANSWERS:
\boxed{45.6}"
606,"FINAL_ANSWERS:
\boxed{E}"
607,"FINAL_ANSWERS:
\boxed{0, 0, 4, 0, 0, 14, 6, 6, 20, -6, -6, 0, -4, -4, 10, -4, -4, -12}"
608,"FINAL_ANSWERS:
\boxed{B, A, A, 1981}"
609,"FINAL_ANSWERS:
\boxed{276.5863337}"
610,"FINAL_ANSWERS:
\boxed{4pi}"
611,"FINAL_ANSWERS:
\boxed{1.3559903203}"
612,"FINAL_ANSWERS:
\boxed{68, 81}"
613,"FINAL_ANSWERS:
\boxed{I}"
614,"FINAL_ANSWERS:
\boxed{I}"
615,"FINAL_ANSWERS:
\boxed{14, 9}"
616,"FINAL_ANSWERS:
\boxed{J}"
617,"FINAL_ANSWERS:
\boxed{left, 7, up, 6}"
618,"FINAL_ANSWERS:
\boxed{A}"
619,"FINAL_ANSWERS:
\boxed{-3.222, 0.00124, A}"
620,"FINAL_ANSWERS:
\boxed{1.511857892, 2.285714286, 1.690, B}"
621,"FINAL_ANSWERS:
\boxed{153-k}"
622,"FINAL_ANSWERS:
\boxed{3.85441, 2.566987, yes, yes}"
623,"FINAL_ANSWERS:
\boxed{T, F, F, F, T, T}"
624,"FINAL_ANSWERS:
\boxed{F}"
625,"FINAL_ANSWERS:
\boxed{5*(x+2)*(x+3)}"
626,"FINAL_ANSWERS:
\boxed{G}"
627,"FINAL_ANSWERS:
\boxed{1089.632053724}"
628,"FINAL_ANSWERS:
\boxed{76, 75.7, 75.67, 75.673}"
629,"FINAL_ANSWERS:
\boxed{15}"
630,"FINAL_ANSWERS:
\boxed{71.981, 564.365}"
631,"FINAL_ANSWERS:
\boxed{A}"
632,"FINAL_ANSWERS:
\boxed{23}"
633,"FINAL_ANSWERS:
\boxed{B,D,8, B,D,8}"
634,"FINAL_ANSWERS:
\boxed{109}"
635,"FINAL_ANSWERS:
\boxed{37.6, 0.746, -25.4}"
636,"FINAL_ANSWERS:
\boxed{22}"
637,"FINAL_ANSWERS:
\boxed{A, B, F, C, D, E}"
638,"FINAL_ANSWERS:
\boxed{0.1510, (-infty, -1.7507)*U(1.7507, infty), 0.8797, D}"
639,"FINAL_ANSWERS:
\boxed{3.325}"
640,"FINAL_ANSWERS:
\boxed{G}"
641,"FINAL_ANSWERS:
\boxed{6.4, 46.08}"
642,"FINAL_ANSWERS:
\boxed{6, (pi)/(3), 13}"
643,"FINAL_ANSWERS:
\boxed{T, F, F, T, F}"
644,"FINAL_ANSWERS:
\boxed{A}"
645,"FINAL_ANSWERS:
\boxed{129*n-11500}"
646,"FINAL_ANSWERS:
\boxed{S}"
647,"FINAL_ANSWERS:
\boxed{F}"
648,"FINAL_ANSWERS:
\boxed{11.51+0.83*x, 30.60}"
649,"FINAL_ANSWERS:
\boxed{17}"
650,"FINAL_ANSWERS:
\boxed{J}"
651,"FINAL_ANSWERS:
\boxed{73, 114.4867895}"
652,"FINAL_ANSWERS:
\boxed{4}"
653,"FINAL_ANSWERS:
\boxed{(600-45*t)/7, 85.7142857142857, 47.1428571428571}"
654,"FINAL_ANSWERS:
\boxed{\sqrt{19}, 2, 2, 2}"
655,"FINAL_ANSWERS:
\boxed{S=0.85*L}"
656,"FINAL_ANSWERS:
\boxed{x**(2)-(23)/(6)*x+(5)/(2)}"
657,"FINAL_ANSWERS:
\boxed{172.51668522645212, 187.48331477354788, 172.87248182549922, 187.12751817450078, 0, 5.167195022022222, -10.334390044044444, 10.334390044044444}"
658,"FINAL_ANSWERS:
\boxed{A}"
659,"FINAL_ANSWERS:
\boxed{29.94}"
660,"FINAL_ANSWERS:
\boxed{E}"
661,"FINAL_ANSWERS:
\boxed{r=(h+4000)/1000, w=2880000000/(h+4000)**(2)}"
662,"FINAL_ANSWERS:
\boxed{23}"
663,"FINAL_ANSWERS:
\boxed{F}"
664,"FINAL_ANSWERS:
\boxed{83/100, 83/99}"
665,"FINAL_ANSWERS:
\boxed{B}"
666,"FINAL_ANSWERS:
\boxed{76*e**(0.4265075558*t), 42.65075558}"
667,"FINAL_ANSWERS:
\boxed{H}"
668,"FINAL_ANSWERS:
\boxed{G}"
669,"FINAL_ANSWERS:
\boxed{H}"
670,"FINAL_ANSWERS:
\boxed{A}"
671,"FINAL_ANSWERS:
\boxed{1.71, 113.2}"
672,"FINAL_ANSWERS:
\boxed{D}"
673,"FINAL_ANSWERS:
\boxed{202}"
674,"FINAL_ANSWERS:
\boxed{8*x+7}"
675,"FINAL_ANSWERS:
\boxed{B}"
676,"FINAL_ANSWERS:
\boxed{D, A, A}"
677,"FINAL_ANSWERS:
\boxed{F}"
678,"FINAL_ANSWERS:
\boxed{13960}"
679,"FINAL_ANSWERS:
\boxed{11.002}"
680,"FINAL_ANSWERS:
\boxed{0.035, 0.053, 0.078, A}"
681,"FINAL_ANSWERS:
\boxed{28900, 170, 135, 205}"
682,"FINAL_ANSWERS:
\boxed{S}"
683,"FINAL_ANSWERS:
\boxed{-0.65}"
684,"FINAL_ANSWERS:
\boxed{-1.555}"
685,"FINAL_ANSWERS:
\boxed{CD}"
686,"FINAL_ANSWERS:
\boxed{D}"
687,"FINAL_ANSWERS:
\boxed{24500}"
688,"FINAL_ANSWERS:
\boxed{111}"
689,"FINAL_ANSWERS:
\boxed{45, 43}"
690,"FINAL_ANSWERS:
\boxed{H}"
691,"FINAL_ANSWERS:
\boxed{(19.673030285,26.993636381)}"
692,"FINAL_ANSWERS:
\boxed{1.24}"
693,"FINAL_ANSWERS:
\boxed{30, 7.5, 5.5}"
694,"FINAL_ANSWERS:
\boxed{6750+9*x, 36*x, 27*x-6750, 250}"
695,"FINAL_ANSWERS:
\boxed{B}"
696,"FINAL_ANSWERS:
\boxed{-8, -81}"
697,"FINAL_ANSWERS:
\boxed{60}"
698,"FINAL_ANSWERS:
\boxed{-50.92}"
699,"FINAL_ANSWERS:
\boxed{6, 3}"
700,"FINAL_ANSWERS:
\boxed{A}"
701,"FINAL_ANSWERS:
\boxed{22}"
702,"FINAL_ANSWERS:
\boxed{-u**(4)-4*u**(3)+3*u**(2)-6*u-8}"
703,"FINAL_ANSWERS:
\boxed{B}"
704,"FINAL_ANSWERS:
\boxed{3.6526, 1.645, B}"
705,"FINAL_ANSWERS:
\boxed{T, F, F, T}"
706,"FINAL_ANSWERS:
\boxed{2047.23}"
707,"FINAL_ANSWERS:
\boxed{5200, 2600}"
708,"Okay, let's try to solve this problem. So, the problem says: One number is 9 less than a second number. Find a pair of such numbers that their product is as small as possible. 

First, let's define the numbers. Let's let the second number be x. Then the first number is x - 9, since it's 9 less than the second number. So the two numbers are x and x - 9.

We need to find the pair where their product is as small as possible. The product P is x*(x - 9) = x² - 9x. 

Now, this is a quadratic function in terms of x. Quadratic functions have a parabola shape, and since the coefficient of x² is positive (1), it opens upwards. That means the vertex is the minimum point. So the minimum product occurs at the vertex of this parabola.

The vertex of a quadratic ax² + bx + c is at x = -b/(2a). Here, a = 1, b = -9, so x = -(-9)/(2*1) = 9/2 = 4.5. 

So the second number is 4.5, and the first number is 4.5 - 9 = -4.5. Let's check the product: (-4.5)*(4.5) = -20.25. 

Wait, but let's make sure. Let's test some other numbers to see if the product is smaller. For example, if x = 5, then the numbers are 5 and -4, product is -20. If x = 4, numbers are 4 and -5, product is -20. If x = 3, numbers are 3 and -6, product is -18. Wait, that's bigger (less negative) than -20.25. Wait, x = 4.5 gives product -20.25, which is smaller than -20. Let's check x = 6: 6 and -3, product -18. x = 2: 2 and -7, product -14. x = 1: 1 and -8, product -8. x = 0: 0 and -9, product 0. x = -1: -1 and -10, product 10. So the minimum product is indeed at x = 4.5, giving product -20.25.

Wait, but the problem says ""a pair of such numbers"". So the numbers are -4.5 and 4.5. Let me confirm. Let's write them as fractions to be precise. 4.5 is 9/2, so the numbers are 9/2 and -9/2. Wait, no: the first number is 9 less than the second. So if the second number is x, first is x - 9. So if x = 9/2, then first number is 9/2 - 9 = 9/2 - 18/2 = -9/2. So the pair is (-9/2, 9/2). 

But the problem says ""these two numbers are [ANS]"". So we need to list them in order? The problem says ""one number is 9 less than a second number"", so the second number is larger by 9. So the pair is (second number, first number) = (x, x - 9). So when x = 9/2, the numbers are 4.5 and -4.5. So the pair is -4.5 and 4.5. But the problem says ""a pair of such number that their product is as small as possible"". So the order might not matter, but the problem says ""these two numbers are [ANS]"". Let's check the product: (-4.5)(4.5) = -20.25, which is the minimum.

Wait, let's do calculus to confirm. If we take P(x) = x(x - 9) = x² - 9x, then dP/dx = 2x - 9. Setting derivative to zero: 2x - 9 = 0 => x = 9/2 = 4.5. So that's the critical point, and since the second derivative is 2 > 0, it's a minimum. So the minimum product is at x = 4.5, so the numbers are 4.5 and -4.5. 

So the two numbers are -4.5 and 4.5. The smallest product is -20.25. 

Wait, but the problem says ""the smallest possible product"". Let's make sure there's no smaller product. For example, if x is a very large positive number, the product x(x - 9) is positive and large. If x is a very large negative number, x is negative, x - 9 is more negative, so product is positive. So the minimum is indeed at the vertex. 

So the numbers are -4.5 and 4.5. Let's write them as decimals or fractions? The problem says ""use a comma to separate your numbers"". Probably decimals are okay, but maybe fractions. Let's see. 4.5 is 9/2, so -9/2 and 9/2. But the problem might expect decimals. Let's check the product: (-4.5)(4.5) = -20.25. 

Wait, 4.5 is 9/2, so 9/2 * (-9/2) = -81/4 = -20.25. So that's correct.

So the two numbers are -4.5 and 4.5. The smallest product is -20.25.

Wait, but the problem says ""a pair of such number"". So the order: the problem says ""one number is 9 less than a second number"". So the second number is larger. So the second number is 4.5, the first is -4.5. So the pair is (-4.5, 4.5). But when they say ""these two numbers are [ANS]"", they might just want the two numbers in any order, but probably as a pair where the first is 9 less than the second. So the answer for the numbers is -4.5 and 4.5.

Let me confirm with another example. Suppose x = 5, then numbers are 5 and -4, product -20. Which is higher than -20.25. x = 4, numbers 4 and -5, product -20. Same. x = 4.5, product -20.25. So that's the minimum.

So the two numbers are -4.5 and 4.5. The smallest product is -20.25.

I think that's it. Let's write them as decimals with one decimal place? Wait, 4.5 is exact. The problem says ""keep visible work short"". So the answers are -4.5 and 4.5 for the numbers, and -20.25 for the product.

Wait, but maybe they want fractions? Let's see. 4.5 is 9/2, so -9/2 and 9/2. The product is (-9/2)(9/2) = -81/4 = -20.25. So both forms are correct, but the problem says ""use a comma to separate your numbers"". Probably decimals are acceptable here, as 4.5 is a standard decimal.

Let me check if the problem specifies. The problem says ""these two numbers are [ANS]"". So the answer is -4.5, 4.5. The product is -20.25.

Yes, that's correct.
</think>

FINAL_ANSWERS:
\boxed{-4.5, 4.5, -20.25}"
709,"FINAL_ANSWERS:
\boxed{E}"
710,"FINAL_ANSWERS:
\boxed{1.8377,4.7287}"
711,"FINAL_ANSWERS:
\boxed{D}"
712,"FINAL_ANSWERS:
\boxed{D, D, A}"
713,"FINAL_ANSWERS:
\boxed{-3, not real}"
714,"FINAL_ANSWERS:
\boxed{A}"
715,"FINAL_ANSWERS:
\boxed{5,7,9,13, 8.5, 6,7,8,9,10,11, 8.5}"
716,"FINAL_ANSWERS:
\boxed{0.575757575757575}"
717,"FINAL_ANSWERS:
\boxed{7992}"
718,"FINAL_ANSWERS:
\boxed{65761800, 72704000, median}"
719,"FINAL_ANSWERS:
\boxed{E}"
720,"FINAL_ANSWERS:
\boxed{I}"
721,"FINAL_ANSWERS:
\boxed{D, D, A}"
722,"FINAL_ANSWERS:
\boxed{100.0}"
723,"FINAL_ANSWERS:
\boxed{-\sqrt{3}/2, -\sqrt{2}/2}"
724,"FINAL_ANSWERS:
\boxed{1}"
725,"FINAL_ANSWERS:
\boxed{41.30, 13.277, A}"
726,"FINAL_ANSWERS:
\boxed{7, 48}"
727,"FINAL_ANSWERS:
\boxed{D}"
728,"FINAL_ANSWERS:
\boxed{80000}"
729,"FINAL_ANSWERS:
\boxed{G}"
730,"FINAL_ANSWERS:
\boxed{I}"
731,"FINAL_ANSWERS:
\boxed{J}"
732,"FINAL_ANSWERS:
\boxed{H}"
733,"FINAL_ANSWERS:
\boxed{68, 247, 97, 17}"
734,"FINAL_ANSWERS:
\boxed{4830, 4.83}"
735,"FINAL_ANSWERS:
\boxed{28, 42.5, 55, -29, 82, 27, A}"
736,"FINAL_ANSWERS:
\boxed{\sqrt{30}/2}"
737,"FINAL_ANSWERS:
\boxed{2140}"
738,"FINAL_ANSWERS:
\boxed{A, C, A, A}"
739,"FINAL_ANSWERS:
\boxed{Q/(1-Z)}"
740,"FINAL_ANSWERS:
\boxed{5184/(81*cos**(2)*t-64*sin**(2)*t)}"
741,"FINAL_ANSWERS:
\boxed{H}"
742,"FINAL_ANSWERS:
\boxed{241.0}"
743,"FINAL_ANSWERS:
\boxed{430}"
744,"FINAL_ANSWERS:
\boxed{26.875, 32.1875}"
745,"FINAL_ANSWERS:
\boxed{2*sin(C)*cos(C), cos(A)*cos(B)-sin(A)*sin(B), (2*tan(C))/(1-tan(C)**2), sin(A)*cos(B)-cos(A)*sin(B), sin(A)*cos(B)+cos(A)*sin(B), cos(A)*cos(B)+sin(A)*sin(B), (1-cos(x))/sin(x), cos(C)**2-sin(C)**2}"
746,"FINAL_ANSWERS:
\boxed{17417, 30856, 808694, 103863, 876259, 924095, 21108}"
747,"FINAL_ANSWERS:
\boxed{A}"
748,"FINAL_ANSWERS:
\boxed{222.51, 186.49, 79.43, 66.57, 50.05, 41.95, 31.01, 25.99, 20.7891, 3, 11.340, B}"
749,"FINAL_ANSWERS:
\boxed{5,5,5,5,5, is, 14/9,19/14,24/19,29/24,34/29, not, 5*n+9, (-1)**(n+1)*(5*n+9)}"
750,"FINAL_ANSWERS:
\boxed{36.97505903, -0.05129329439, CE}"
751,"FINAL_ANSWERS:
\boxed{1}"
752,"FINAL_ANSWERS:
\boxed{D}"
753,"FINAL_ANSWERS:
\boxed{A, 0.246, A, 16.56}"
754,"FINAL_ANSWERS:
\boxed{60*x**(2)+65*x}"
755,"FINAL_ANSWERS:
\boxed{F}"
756,"FINAL_ANSWERS:
\boxed{109.270408163, 520.163265306}"
757,"FINAL_ANSWERS:
\boxed{C}"
758,"FINAL_ANSWERS:
\boxed{C}"
759,"FINAL_ANSWERS:
\boxed{C}"
760,"FINAL_ANSWERS:
\boxed{I}"
761,"FINAL_ANSWERS:
\boxed{5*f(n-1)+4}"
762,"FINAL_ANSWERS:
\boxed{110*x**(2)+42*x}"
763,"FINAL_ANSWERS:
\boxed{4+9, 8/3}"
764,"FINAL_ANSWERS:
\boxed{(a+b)*(a-b)**(4)/c**(5)}"
765,"FINAL_ANSWERS:
\boxed{A}"
766,"FINAL_ANSWERS:
\boxed{4.3750, 7.3333, 11.4286}"
767,"FINAL_ANSWERS:
\boxed{D}"
768,"FINAL_ANSWERS:
\boxed{G}"
769,"FINAL_ANSWERS:
\boxed{1620}"
770,"FINAL_ANSWERS:
\boxed{3, 4, 1, 3, 2, 1, 2, 2, 0.5, 2}"
771,"FINAL_ANSWERS:
\boxed{2}"
772,"FINAL_ANSWERS:
\boxed{J}"
773,"FINAL_ANSWERS:
\boxed{(3*a-14)/3}"
774,"FINAL_ANSWERS:
\boxed{24, 28, 33, 39, 42}"
775,"FINAL_ANSWERS:
\boxed{6*sin(x-7)-6}"
776,"FINAL_ANSWERS:
\boxed{A}"
777,"FINAL_ANSWERS:
\boxed{8}"
778,"FINAL_ANSWERS:
\boxed{I}"
779,"FINAL_ANSWERS:
\boxed{F}"
780,"FINAL_ANSWERS:
\boxed{3*t**(14)+6*t**(12)+9*t**(10)}"
781,"FINAL_ANSWERS:
\boxed{\sqrt{15}/8}"
782,"FINAL_ANSWERS:
\boxed{-1517}"
783,"FINAL_ANSWERS:
\boxed{H}"
784,"FINAL_ANSWERS:
\boxed{17/60}"
785,"FINAL_ANSWERS:
\boxed{F, T, F, F}"
786,"FINAL_ANSWERS:
\boxed{S}"
787,"FINAL_ANSWERS:
\boxed{148312392.8, 41.6403, 47.100}"
788,"FINAL_ANSWERS:
\boxed{A}"
789,"FINAL_ANSWERS:
\boxed{8, 8, -8, -8}"
790,"FINAL_ANSWERS:
\boxed{-20*x**(2)+45*x-25}"
791,"FINAL_ANSWERS:
\boxed{F}"
792,"FINAL_ANSWERS:
\boxed{\dfrac{ln((V)/(T))}{ln((h)/(g))}}"
793,"FINAL_ANSWERS:
\boxed{1.353185542, (1.476, inf), 0.0879000000, Do Not Reject H0}"
794,"FINAL_ANSWERS:
\boxed{4.47, 4}"
795,"FINAL_ANSWERS:
\boxed{450, 2, 6}"
796,"FINAL_ANSWERS:
\boxed{F}"
797,"FINAL_ANSWERS:
\boxed{C}"
798,"FINAL_ANSWERS:
\boxed{3924.399184, EXTRANEOUS}"
799,"FINAL_ANSWERS:
\boxed{4}"
800,"FINAL_ANSWERS:
\boxed{140}"
801,"FINAL_ANSWERS:
\boxed{S}"
802,"FINAL_ANSWERS:
\boxed{26/7}"
803,"FINAL_ANSWERS:
\boxed{124}"
804,"FINAL_ANSWERS:
\boxed{F}"
805,"FINAL_ANSWERS:
\boxed{A}"
806,"FINAL_ANSWERS:
\boxed{-\sqrt{869}/45, -34/45, \sqrt{869}/34, 34*\sqrt{869}/869, -45/34, -45*\sqrt{869}/869}"
807,"FINAL_ANSWERS:
\boxed{E}"
808,"FINAL_ANSWERS:
\boxed{D}"
809,"FINAL_ANSWERS:
\boxed{2}"
810,"FINAL_ANSWERS:
\boxed{F}"
811,"FINAL_ANSWERS:
\boxed{1.336*10**(-19)}"
812,"FINAL_ANSWERS:
\boxed{8/(cos(t)*sin(t))**(6)}"
813,"FINAL_ANSWERS:
\boxed{A, C}"
814,"FINAL_ANSWERS:
\boxed{5, 4.7257, 0.9451, 1.2242, 30, 23.1565, 0.7719, 35, 27.8822, 0.7966}"
815,"FINAL_ANSWERS:
\boxed{H}"
816,"FINAL_ANSWERS:
\boxed{8.7, 10.5333333333}"
817,"FINAL_ANSWERS:
\boxed{88/21}"
818,"FINAL_ANSWERS:
\boxed{5*a+6*b, ab}"
819,"FINAL_ANSWERS:
\boxed{E}"
820,"FINAL_ANSWERS:
\boxed{15}"
821,"FINAL_ANSWERS:
\boxed{C, A, A, A}"
822,"FINAL_ANSWERS:
\boxed{4798.06863}"
823,"FINAL_ANSWERS:
\boxed{2}"
824,"FINAL_ANSWERS:
\boxed{C}"
825,"FINAL_ANSWERS:
\boxed{D}"
826,"FINAL_ANSWERS:
\boxed{1800}"
827,"FINAL_ANSWERS:
\boxed{H}"
828,"FINAL_ANSWERS:
\boxed{99.63386374, 110.36613626}"
829,"FINAL_ANSWERS:
\boxed{8464}"
830,"FINAL_ANSWERS:
\boxed{9.215338447}"
831,"FINAL_ANSWERS:
\boxed{E}"
832,"FINAL_ANSWERS:
\boxed{J}"
833,"FINAL_ANSWERS:
\boxed{-19/3,3/4,48/6,40/3}"
834,"FINAL_ANSWERS:
\boxed{(pi)/(4), (3*pi)/(2), -(19*pi)/(6)}"
835,"FINAL_ANSWERS:
\boxed{126}"
836,"FINAL_ANSWERS:
\boxed{2025}"
837,"FINAL_ANSWERS:
\boxed{D}"
838,"FINAL_ANSWERS:
\boxed{(23.66,28.34)}"
839,"FINAL_ANSWERS:
\boxed{G}"
840,"FINAL_ANSWERS:
\boxed{D}"
841,"FINAL_ANSWERS:
\boxed{sin(40+8*\sqrt{x}), 5+\sqrt{sin(8*x)}}"
842,"FINAL_ANSWERS:
\boxed{65.47, 1.552, 6.053, 1.833, B}"
843,"FINAL_ANSWERS:
\boxed{2*y, 10}"
844,"FINAL_ANSWERS:
\boxed{J}"
845,"FINAL_ANSWERS:
\boxed{5}"
846,"FINAL_ANSWERS:
\boxed{3, 1, 2, 3, -2}"
847,"FINAL_ANSWERS:
\boxed{H}"
848,"FINAL_ANSWERS:
\boxed{E}"
849,"FINAL_ANSWERS:
\boxed{4*(n+1)}"
850,"FINAL_ANSWERS:
\boxed{C}"
851,"FINAL_ANSWERS:
\boxed{B,C}"
852,"FINAL_ANSWERS:
\boxed{414.72}"
853,"FINAL_ANSWERS:
\boxed{C}"
854,"FINAL_ANSWERS:
\boxed{-47/8, -47/6}"
855,"FINAL_ANSWERS:
\boxed{20000, 2000}"
856,"FINAL_ANSWERS:
\boxed{S}"
857,"FINAL_ANSWERS:
\boxed{A, 0.897375, 0.914625, A, 0.90145, 0.92221}"
858,"FINAL_ANSWERS:
\boxed{2.300, 1.694, Yes, Reject H0}"
859,"FINAL_ANSWERS:
\boxed{1, 2, 2, 4}"
860,"FINAL_ANSWERS:
\boxed{22}"
861,"FINAL_ANSWERS:
\boxed{G}"
862,"FINAL_ANSWERS:
\boxed{I}"
863,"FINAL_ANSWERS:
\boxed{1/t**(69)}"
864,"FINAL_ANSWERS:
\boxed{11.666666666666667, 25}"
865,"FINAL_ANSWERS:
\boxed{7/x-8}"
866,"FINAL_ANSWERS:
\boxed{H}"
867,"FINAL_ANSWERS:
\boxed{E}"
868,"FINAL_ANSWERS:
\boxed{E}"
869,"FINAL_ANSWERS:
\boxed{20.5, (x+y+xy)/2}"
870,"FINAL_ANSWERS:
\boxed{D}"
871,"FINAL_ANSWERS:
\boxed{G}"
872,"FINAL_ANSWERS:
\boxed{infinity, infinity}"
873,"FINAL_ANSWERS:
\boxed{B}"
874,"FINAL_ANSWERS:
\boxed{J}"
875,"FINAL_ANSWERS:
\boxed{C}"
876,"FINAL_ANSWERS:
\boxed{C}"
877,"FINAL_ANSWERS:
\boxed{F}"
878,"FINAL_ANSWERS:
\boxed{I}"
879,"FINAL_ANSWERS:
\boxed{H}"
880,"FINAL_ANSWERS:
\boxed{35/37, 35/12}"
881,"FINAL_ANSWERS:
\boxed{D}"
882,"FINAL_ANSWERS:
\boxed{1200, 3600}"
883,"FINAL_ANSWERS:
\boxed{656.0873}"
884,"FINAL_ANSWERS:
\boxed{(x-59)**(2)+74}"
885,"FINAL_ANSWERS:
\boxed{18, 139.875, 18, B}"
886,"FINAL_ANSWERS:
\boxed{A, C}"
887,"FINAL_ANSWERS:
\boxed{I}"
888,"FINAL_ANSWERS:
\boxed{I}"
889,"FINAL_ANSWERS:
\boxed{5, 4*y}"
890,"FINAL_ANSWERS:
\boxed{A, A, C, 6}"
891,"FINAL_ANSWERS:
\boxed{A}"
892,"FINAL_ANSWERS:
\boxed{69.65}"
893,"FINAL_ANSWERS:
\boxed{A, C}"
894,"FINAL_ANSWERS:
\boxed{0.001, 0.952, 2.013, 0.045, 0.050, 0.040, 0.045, 9}"
895,"FINAL_ANSWERS:
\boxed{70*( (2)/(7) )**((x-10)/(20))}"
896,"FINAL_ANSWERS:
\boxed{False, True, False, False, True, True, False, True}"
897,"FINAL_ANSWERS:
\boxed{84.875}"
898,"FINAL_ANSWERS:
\boxed{48}"
899,"FINAL_ANSWERS:
\boxed{D}"
900,"FINAL_ANSWERS:
\boxed{1200, 3600}"
901,"FINAL_ANSWERS:
\boxed{J}"
902,"FINAL_ANSWERS:
\boxed{9, 6}"
903,"FINAL_ANSWERS:
\boxed{A, C}"
904,"FINAL_ANSWERS:
\boxed{D}"
905,"FINAL_ANSWERS:
\boxed{B, C}"
906,"FINAL_ANSWERS:
\boxed{x=2,x=5}"
907,"FINAL_ANSWERS:
\boxed{100}"
908,"FINAL_ANSWERS:
\boxed{100*(0.83)**(t), 39.390}"
909,"FINAL_ANSWERS:
\boxed{1520}"
910,"FINAL_ANSWERS:
\boxed{1134, 16}"
911,"FINAL_ANSWERS:
\boxed{S}"
912,"FINAL_ANSWERS:
\boxed{6012.27}"
913,"FINAL_ANSWERS:
\boxed{G}"
914,"FINAL_ANSWERS:
\boxed{0.1901026420, 0.2473973580}"
915,"FINAL_ANSWERS:
\boxed{-2}"
916,"FINAL_ANSWERS:
\boxed{3\sqrt{2}, 6\sqrt{2}, 18}"
917,"FINAL_ANSWERS:
\boxed{189.8, 246.4, 43}"
918,"FINAL_ANSWERS:
\boxed{B}"
919,"FINAL_ANSWERS:
\boxed{0}"
920,"FINAL_ANSWERS:
\boxed{178}"
921,"FINAL_ANSWERS:
\boxed{D}"
922,"FINAL_ANSWERS:
\boxed{B}"
923,"FINAL_ANSWERS:
\boxed{y=-6.2*x+297.6, 93, 48}"
924,"FINAL_ANSWERS:
\boxed{n=0.2*t+55, 2010}"
925,"FINAL_ANSWERS:
\boxed{276}"
926,"FINAL_ANSWERS:
\boxed{-3*t**(2)-6*t+2}"
927,"FINAL_ANSWERS:
\boxed{False, True, True, True, False, False}"
928,"FINAL_ANSWERS:
\boxed{E}"
929,"FINAL_ANSWERS:
\boxed{A, answer, 5.860,-0.78,3.18,A}"
930,"FINAL_ANSWERS:
\boxed{E}"
931,"FINAL_ANSWERS:
\boxed{3, -3}"
932,"FINAL_ANSWERS:
\boxed{26}"
933,"FINAL_ANSWERS:
\boxed{E}"
934,"FINAL_ANSWERS:
\boxed{H}"
935,"FINAL_ANSWERS:
\boxed{H}"
936,"FINAL_ANSWERS:
\boxed{275/16}"
937,"FINAL_ANSWERS:
\boxed{640}"
938,"FINAL_ANSWERS:
\boxed{49.88}"
939,"FINAL_ANSWERS:
\boxed{E}"
940,"FINAL_ANSWERS:
\boxed{F}"
941,"FINAL_ANSWERS:
\boxed{A, C, A, A, B, C}"
942,"FINAL_ANSWERS:
\boxed{36}"
