id,response
0,"FINAL_ANSWERS:
\boxed{4, 16}"
1,"FINAL_ANSWERS:
\boxed{A}"
2,"FINAL_ANSWERS:
\boxed{-1.4605934867, 1.644853627, A}"
3,"FINAL_ANSWERS:
\boxed{B}"
4,"FINAL_ANSWERS:
\boxed{-7/\sqrt{149}, 10/\sqrt{149}, -7/10}"
5,"FINAL_ANSWERS:
\boxed{541.3, 63.25, 135.325, 4.216666666666667, 32.0928800395}"
6,"FINAL_ANSWERS:
\boxed{148.02}"
7,"FINAL_ANSWERS:
\boxed{1}"
8,"FINAL_ANSWERS:
\boxed{420}"
9,"FINAL_ANSWERS:
\boxed{(L-8*x), 6*F}"
10,"FINAL_ANSWERS:
\boxed{E}"
11,"FINAL_ANSWERS:
\boxed{0.9391096}"
12,"FINAL_ANSWERS:
\boxed{2*c+4*p=70, 11}"
13,"FINAL_ANSWERS:
\boxed{C}"
14,"FINAL_ANSWERS:
\boxed{(ln(35))/(ln(3))}"
15,"FINAL_ANSWERS:
\boxed{8, NONE}"
16,"FINAL_ANSWERS:
\boxed{1}"
17,"FINAL_ANSWERS:
\boxed{S}"
18,"FINAL_ANSWERS:
\boxed{I}"
19,"FINAL_ANSWERS:
\boxed{D}"
20,"FINAL_ANSWERS:
\boxed{228, 229, 250}"
21,"FINAL_ANSWERS:
\boxed{0.2915476190*t+56.93333333, 67.42904762}"
22,"FINAL_ANSWERS:
\boxed{G}"
23,"FINAL_ANSWERS:
\boxed{H}"
24,"FINAL_ANSWERS:
\boxed{1}"
25,"FINAL_ANSWERS:
\boxed{0.126984126984127, 0.095238095238095, 0.174603174603175, 0.269841269841270, 0.206349206349206, 0.126984126984127, 8, 14, 25, 42, 55, 63}"
26,"FINAL_ANSWERS:
\boxed{I}"
27,"Okay, let's tackle this problem step by step. The question asks to solve two equations in the interval [0, 2π]. First, we need to solve sin(t) = √3/2, then sin(t) = -1/2. Each answer should be a multiple of π, so we'll express them as fractions over π.

Starting with the first equation: sin(t) = √3/2. I remember that sine is positive in the first and second quadrants. The reference angle for √3/2 is π/3 because sin(π/3) = √3/2. So in the first quadrant, the solution is π/3. In the second quadrant, it's π - π/3 = 2π/3. Let me check: sin(π/3) = √3/2, sin(2π/3) = sin(π - π/3) = sin(π/3) = √3/2. Yep, those are the two solutions in [0, 2π].

Next, the second equation: sin(t) = -1/2. Sine is negative in the third and fourth quadrants. The reference angle here is π/6 because sin(π/6) = 1/2, so the negative angle would be π/6. In the third quadrant, it's π + π/6 = 7π/6. In the fourth quadrant, it's 2π - π/6 = 11π/6. Let's verify: sin(7π/6) = sin(π + π/6) = -sin(π/6) = -1/2, and sin(11π/6) = sin(2π - π/6) = -sin(π/6) = -1/2. Correct.

The problem says to give the answer as a multiple of π, so for the first equation, the solutions are 1/3 and 2/3 (since π/3 is (1/3)π and 2π/3 is (2/3)π). For the second equation, 7/6 and 11/6 (since 7π/6 is (7/6)π and 11π/6 is (11/6)π).

Wait, let me make sure there are no other solutions. For sin(t) = √3/2, in [0, 2π], only two solutions: π/3 and 2π/3. For sin(t) = -1/2, also two solutions: 7π/6 and 11π/6. That's right.

The problem says ""t=[ANS] π"" for each equation, so we need to enter the fractions. For example, if the answer is π/2, we enter 1/2. So for the first equation, the answers are 1/3 and 2/3. For the second equation, 7/6 and 11/6.

Let me check if the problem says ""the answer should be a fraction or an integer"". Yes, so 1/3, 2/3, 7/6, 11/6. Wait, but the problem has two [ANS] blanks. Wait, looking back: ""Solve the following equations in the interval [0,2 π]. Note: Give the answer as a multiple of π... E.g. if the answer is π/2 you should enter 1/2. If there is more than one answer enter them separated by commas. sin(t)=√3/2 t=[ANS] π sin(t)=-1/2 t=[ANS] π""

Ah, so each equation has its own [ANS] blank. So the first [ANS] is for sin(t)=√3/2, which has two solutions, so the first answer is ""1/3, 2/3"". The second [ANS] is for sin(t)=-1/2, which has two solutions, so ""7/6, 11/6"".

Wait, the problem says ""the answer should be a fraction or an integer"". So for each equation, list all solutions in the interval as multiples of π (so fractions). Let me confirm the solutions again.

For sin(t) = √3/2:

t = π/3 and 2π/3. So as multiples of π, that's 1/3 and 2/3.

For sin(t) = -1/2:

t = 7π/6 and 11π/6. So multiples of π are 7/6 and 11/6.

Yes, that's correct. So the first [ANS] is ""1/3, 2/3"" and the second [ANS] is ""7/6, 11/6"".

Wait, the problem says ""Do not use decimal numbers"". So fractions are fine. Also, ""the answer should be a fraction or an integer"". So 1/3, 2/3, 7/6, 11/6 are all fractions.

Let me check if there's any mistake. For sin(t) = -1/2, the solutions in [0, 2π] are indeed 7π/6 and 11π/6. Let's compute their values: 7π/6 is 210 degrees, 11π/6 is 330 degrees. Sine of 210 is -1/2, sine of 330 is -1/2. Correct.

For sin(t) = √3/2, 60 degrees (π/3) and 120 degrees (2π/3). Sine of 60 is √3/2, sine of 120 is √3/2. Correct.

So the answers are:

First [ANS]: 1/3, 2/3

Second [ANS]: 7/6, 11/6

The problem says ""If there is more than one answer enter them separated by commas"". So each [ANS] blank has two answers. The problem says ""This problem has 2 [ANS] blanks"". So the final answer should be two answers, each being a comma-separated list of fractions.

Wait, the output format says: ""If there are multiple [ANS] blanks, put answers in the same box separated by commas."" So the box should have answer1, answer2 where answer1 is the first equation's answers (comma-separated) and answer2 is the second equation's answers (comma-separated).

Wait, the problem says ""Return exactly 2 answers."" So the first answer is the solutions for sin(t)=√3/2, the second answer is the solutions for sin(t)=-1/2.

So the first answer is ""1/3, 2/3"" and the second answer is ""7/6, 11/6"".

Let me write them as fractions without spaces: 1/3,2/3 and 7/6,11/6.

Yes, that's correct. No decimals, fractions in simplest form.

I think that's it. Let me just make sure there are no other solutions. For sin(t) = √3/2, in [0, 2π], only two solutions. For sin(t) = -1/2, also two solutions. So that's all.
</think>

FINAL_ANSWERS:
\boxed{1/3,2/3,7/6,11/6}"
28,"FINAL_ANSWERS:
\boxed{2, 70, 1, 768, 2, 140}"
29,"FINAL_ANSWERS:
\boxed{38.2}"
30,"FINAL_ANSWERS:
\boxed{2944, 664}"
31,"FINAL_ANSWERS:
\boxed{-3, 42}"
32,"FINAL_ANSWERS:
\boxed{\sqrt{101}, -1, -3.5}"
33,"FINAL_ANSWERS:
\boxed{F}"
34,"FINAL_ANSWERS:
\boxed{J}"
35,"FINAL_ANSWERS:
\boxed{right, ln p}"
36,"FINAL_ANSWERS:
\boxed{40*x**(10)*y**(9)}"
37,"FINAL_ANSWERS:
\boxed{Tommy, Chucky, February 7}"
38,"FINAL_ANSWERS:
\boxed{B}"
39,"FINAL_ANSWERS:
\boxed{475}"
40,"FINAL_ANSWERS:
\boxed{D=800-50*d}"
41,"FINAL_ANSWERS:
\boxed{4048}"
42,"FINAL_ANSWERS:
\boxed{No, Yes, A}"
43,"FINAL_ANSWERS:
\boxed{3/8, 14, 28}"
44,"FINAL_ANSWERS:
\boxed{True, True, True, False}"
45,"FINAL_ANSWERS:
\boxed{J}"
46,"FINAL_ANSWERS:
\boxed{1.644853626, 1.719260222, 1.959963984, -1.959963984, 1.719260222, B, A}"
47,"FINAL_ANSWERS:
\boxed{F}"
48,"FINAL_ANSWERS:
\boxed{C}"
49,"FINAL_ANSWERS:
\boxed{0.01434}"
50,"FINAL_ANSWERS:
\boxed{140*A+150*B=5930, 3*A+4*B=142}"
51,"FINAL_ANSWERS:
\boxed{25452}"
52,"FINAL_ANSWERS:
\boxed{231, 385}"
53,"FINAL_ANSWERS:
\boxed{F}"
54,"FINAL_ANSWERS:
\boxed{2}"
55,"FINAL_ANSWERS:
\boxed{y=5*x**(4)}"
56,"FINAL_ANSWERS:
\boxed{D, D, A}"
57,"FINAL_ANSWERS:
\boxed{4}"
58,"FINAL_ANSWERS:
\boxed{2}"
59,"FINAL_ANSWERS:
\boxed{49}"
60,"FINAL_ANSWERS:
\boxed{C, A}"
61,"FINAL_ANSWERS:
\boxed{0.76*c, 0, 150, 0.69*c+10.5, 150}"
62,"FINAL_ANSWERS:
\boxed{-15, 192, 0}"
63,"FINAL_ANSWERS:
\boxed{18.95648000, 15.84352000}"
64,"FINAL_ANSWERS:
\boxed{850-350*cos((pi t)/(6))}"
65,"FINAL_ANSWERS:
\boxed{-6/7, 2/7}"
66,"FINAL_ANSWERS:
\boxed{2353.69}"
67,"FINAL_ANSWERS:
\boxed{7.6*(1.09)**(t), 13.89309731808, 5.382349883}"
68,"FINAL_ANSWERS:
\boxed{-2.857142857, 6.986380025, -1.08225, 3.142696822, -3.142696822, A, -11.15576586, 5.441480143}"
69,"FINAL_ANSWERS:
\boxed{G}"
70,"FINAL_ANSWERS:
\boxed{5/56}"
71,"FINAL_ANSWERS:
\boxed{1.16, 18}"
72,"FINAL_ANSWERS:
\boxed{-0.8352, -0.9187, 0.3950, -2.3258, IV}"
73,"FINAL_ANSWERS:
\boxed{E}"
74,"FINAL_ANSWERS:
\boxed{(13.1824,24.2176)}"
75,"FINAL_ANSWERS:
\boxed{x > 21250}"
76,"FINAL_ANSWERS:
\boxed{-4, -11, 3, 33, -32, 9, -14, -13}"
77,"FINAL_ANSWERS:
\boxed{D, D, A}"
78,"FINAL_ANSWERS:
\boxed{A}"
79,"FINAL_ANSWERS:
\boxed{25/7}"
80,"FINAL_ANSWERS:
\boxed{G}"
81,"FINAL_ANSWERS:
\boxed{79.40909091}"
82,"FINAL_ANSWERS:
\boxed{1.323, 1.6765, No, No}"
83,"FINAL_ANSWERS:
\boxed{355}"
84,"FINAL_ANSWERS:
\boxed{-4, 5, -11}"
85,"FINAL_ANSWERS:
\boxed{F}"
86,"FINAL_ANSWERS:
\boxed{16}"
87,"FINAL_ANSWERS:
\boxed{OBSERVATION, OBSERVATION, EXPERIMENT}"
88,"FINAL_ANSWERS:
\boxed{C}"
89,"FINAL_ANSWERS:
\boxed{46.57142857}"
90,"FINAL_ANSWERS:
\boxed{7*n+1}"
91,"FINAL_ANSWERS:
\boxed{J}"
92,"FINAL_ANSWERS:
\boxed{E}"
93,"FINAL_ANSWERS:
\boxed{A}"
94,"FINAL_ANSWERS:
\boxed{C}"
95,"FINAL_ANSWERS:
\boxed{6}"
96,"FINAL_ANSWERS:
\boxed{158}"
97,"FINAL_ANSWERS:
\boxed{0, 4, 4}"
98,"FINAL_ANSWERS:
\boxed{A}"
99,"FINAL_ANSWERS:
\boxed{-6, 12, -6}"
100,"FINAL_ANSWERS:
\boxed{25.7142857142857}"
101,"FINAL_ANSWERS:
\boxed{C, C, A, C}"
102,"FINAL_ANSWERS:
\boxed{E}"
103,"FINAL_ANSWERS:
\boxed{11.313708499}"
104,"FINAL_ANSWERS:
\boxed{4.1661009245}"
105,"FINAL_ANSWERS:
\boxed{24, 9.114091422}"
106,"FINAL_ANSWERS:
\boxed{2.166666666666667}"
107,"FINAL_ANSWERS:
\boxed{J}"
108,"FINAL_ANSWERS:
\boxed{72, 12*x}"
109,"FINAL_ANSWERS:
\boxed{B}"
110,"FINAL_ANSWERS:
\boxed{A, (3,9)}"
111,"FINAL_ANSWERS:
\boxed{8*x**(3)}"
112,"FINAL_ANSWERS:
\boxed{0}"
113,"FINAL_ANSWERS:
\boxed{(-2*x**(2)-16*x-7)/(25)}"
114,"FINAL_ANSWERS:
\boxed{D}"
115,"FINAL_ANSWERS:
\boxed{11*x-1200, 11, 109, (y+1200)/11, 1958}"
116,"FINAL_ANSWERS:
\boxed{30, 6}"
117,"FINAL_ANSWERS:
\boxed{B}"
118,"FINAL_ANSWERS:
\boxed{3.6}"
119,"FINAL_ANSWERS:
\boxed{A, C, B, D}"
120,"FINAL_ANSWERS:
\boxed{8}"
121,"FINAL_ANSWERS:
\boxed{35}"
122,"FINAL_ANSWERS:
\boxed{1174.8, 55}"
123,"FINAL_ANSWERS:
\boxed{G}"
124,"FINAL_ANSWERS:
\boxed{G}"
125,"FINAL_ANSWERS:
\boxed{G}"
126,"FINAL_ANSWERS:
\boxed{138000}"
127,"FINAL_ANSWERS:
\boxed{10.70}"
128,"FINAL_ANSWERS:
\boxed{(y-3)/(y+3)}"
129,"FINAL_ANSWERS:
\boxed{5/sin(t), \sqrt{7}, -3*cos(t), 2*\sqrt{2}*tan(t)}"
130,"FINAL_ANSWERS:
\boxed{r**(42)}"
131,"FINAL_ANSWERS:
\boxed{0.1084741}"
132,"FINAL_ANSWERS:
\boxed{10.8}"
133,"FINAL_ANSWERS:
\boxed{-\frac{\sqrt{3}}{2}, \ (1)/(2), \-\sqrt{3}, \ 2}"
134,"FINAL_ANSWERS:
\boxed{1, 5, 12, 20, 26, 30, 31, 27.625}"
135,"FINAL_ANSWERS:
\boxed{3/5}"
136,"FINAL_ANSWERS:
\boxed{A, C}"
137,"FINAL_ANSWERS:
\boxed{2/13, 2/1}"
138,"FINAL_ANSWERS:
\boxed{7236.81}"
139,"FINAL_ANSWERS:
\boxed{201, 1/(n(n+1))}"
140,"FINAL_ANSWERS:
\boxed{2744}"
141,"FINAL_ANSWERS:
\boxed{A}"
142,"FINAL_ANSWERS:
\boxed{7,8,9,10,11}"
143,"FINAL_ANSWERS:
\boxed{0, -8, 0, 6, 3, 3\sqrt{3}}"
144,"FINAL_ANSWERS:
\boxed{B}"
145,"FINAL_ANSWERS:
\boxed{x/5280, 4.734848484848485, 25000}"
146,"FINAL_ANSWERS:
\boxed{F}"
147,"FINAL_ANSWERS:
\boxed{I}"
148,"FINAL_ANSWERS:
\boxed{A}"
149,"FINAL_ANSWERS:
\boxed{6.85}"
150,"FINAL_ANSWERS:
\boxed{A}"
151,"FINAL_ANSWERS:
\boxed{36}"
152,"FINAL_ANSWERS:
\boxed{J}"
153,"FINAL_ANSWERS:
\boxed{B}"
154,"FINAL_ANSWERS:
\boxed{18.75}"
155,"FINAL_ANSWERS:
\boxed{12.17}"
156,"FINAL_ANSWERS:
\boxed{H}"
157,"FINAL_ANSWERS:
\boxed{7*cos(0.1*t)-50*sin(0.1*t), -46.30541747}"
158,"FINAL_ANSWERS:
\boxed{A, C}"
159,"FINAL_ANSWERS:
\boxed{0.07, 0.007, 0.0007}"
160,"FINAL_ANSWERS:
\boxed{(22+x)/y, multiplicative identity}"
161,"FINAL_ANSWERS:
\boxed{0}"
162,"FINAL_ANSWERS:
\boxed{B}"
163,"FINAL_ANSWERS:
\boxed{9, -5, 4}"
164,"FINAL_ANSWERS:
\boxed{G}"
165,"FINAL_ANSWERS:
\boxed{B}"
166,"FINAL_ANSWERS:
\boxed{175*( (1)/(4) )**(n)}"
167,"FINAL_ANSWERS:
\boxed{B, A, B, B}"
168,"FINAL_ANSWERS:
\boxed{A, C, B, B}"
169,"FINAL_ANSWERS:
\boxed{400}"
170,"FINAL_ANSWERS:
\boxed{I}"
171,"FINAL_ANSWERS:
\boxed{20}"
172,"FINAL_ANSWERS:
\boxed{(1320)/(3721)}"
173,"FINAL_ANSWERS:
\boxed{S}"
174,"FINAL_ANSWERS:
\boxed{7, (7)/(8)}"
175,"FINAL_ANSWERS:
\boxed{I}"
176,"FINAL_ANSWERS:
\boxed{(p-6*k-m)/(8)}"
177,"FINAL_ANSWERS:
\boxed{H}"
178,"FINAL_ANSWERS:
\boxed{C}"
179,"FINAL_ANSWERS:
\boxed{29, 3, 21, 1, 21, 4, 19, 4, 23, 3}"
180,"FINAL_ANSWERS:
\boxed{(1)/(2)*m-(7)/(2)}"
181,"FINAL_ANSWERS:
\boxed{B}"
182,"FINAL_ANSWERS:
\boxed{E}"
183,"FINAL_ANSWERS:
\boxed{D}"
184,"FINAL_ANSWERS:
\boxed{A}"
185,"FINAL_ANSWERS:
\boxed{T, F, T, F, T}"
186,"FINAL_ANSWERS:
\boxed{D}"
187,"FINAL_ANSWERS:
\boxed{0.03, 0.025, 0.25, 0.3, 25, 15, 2, 30, 20}"
188,"FINAL_ANSWERS:
\boxed{60, 60, 60}"
189,"FINAL_ANSWERS:
\boxed{850*a+1200*r=35000}"
190,"FINAL_ANSWERS:
\boxed{-(21)/(8)}"
191,"FINAL_ANSWERS:
\boxed{D, A, C, B, E}"
192,"FINAL_ANSWERS:
\boxed{1.427, (1.711,infty), 0.0819, A}"
193,"FINAL_ANSWERS:
\boxed{A}"
194,"FINAL_ANSWERS:
\boxed{600, June, 1908, 890, February, 1907}"
195,"FINAL_ANSWERS:
\boxed{(-2.44586956,-0.75413044)}"
196,"FINAL_ANSWERS:
\boxed{14.7447, 10.3244, 35.0000}"
197,"FINAL_ANSWERS:
\boxed{3, 4}"
198,"FINAL_ANSWERS:
\boxed{1}"
199,"FINAL_ANSWERS:
\boxed{120}"
200,"FINAL_ANSWERS:
\boxed{I}"
201,"FINAL_ANSWERS:
\boxed{1*(5*t+8)*(5*t+8)}"
202,"FINAL_ANSWERS:
\boxed{54/35}"
203,"FINAL_ANSWERS:
\boxed{I}"
204,"FINAL_ANSWERS:
\boxed{S}"
205,"FINAL_ANSWERS:
\boxed{3/4, 11/20}"
206,"FINAL_ANSWERS:
\boxed{4}"
207,"FINAL_ANSWERS:
\boxed{14/5}"
208,"FINAL_ANSWERS:
\boxed{16.2, 4.677206502}"
209,"FINAL_ANSWERS:
\boxed{B}"
210,"FINAL_ANSWERS:
\boxed{(-49*\sqrt{3}-16*\sqrt{33})/15, 2*x/(x**(2)+1)}"
211,"FINAL_ANSWERS:
\boxed{S}"
212,"FINAL_ANSWERS:
\boxed{J}"
213,"FINAL_ANSWERS:
\boxed{(2)/(9)}"
214,"FINAL_ANSWERS:
\boxed{11, F, 7, T}"
215,"FINAL_ANSWERS:
\boxed{752}"
216,"FINAL_ANSWERS:
\boxed{60}"
217,"FINAL_ANSWERS:
\boxed{C}"
218,"FINAL_ANSWERS:
\boxed{0.7753974444}"
219,"FINAL_ANSWERS:
\boxed{27}"
220,"FINAL_ANSWERS:
\boxed{A}"
221,"FINAL_ANSWERS:
\boxed{2750}"
222,"FINAL_ANSWERS:
\boxed{C}"
223,"FINAL_ANSWERS:
\boxed{G}"
224,"FINAL_ANSWERS:
\boxed{2643}"
225,"FINAL_ANSWERS:
\boxed{0.625, 4, 2.776, A}"
226,"FINAL_ANSWERS:
\boxed{8}"
227,"FINAL_ANSWERS:
\boxed{A, C}"
228,"FINAL_ANSWERS:
\boxed{v**(7)}"
229,"FINAL_ANSWERS:
\boxed{2}"
230,"FINAL_ANSWERS:
\boxed{\dfrac{ln((16)/(50))}{ln(1.6)}}"
231,"FINAL_ANSWERS:
\boxed{4.74193548385207+0.516129032258065*x}"
232,"FINAL_ANSWERS:
\boxed{40, 37, 3}"
233,"FINAL_ANSWERS:
\boxed{1.96, -1.96, -5.1766, B}"
234,"FINAL_ANSWERS:
\boxed{29*x**(7)+6*x**(5)}"
235,"FINAL_ANSWERS:
\boxed{B}"
236,"FINAL_ANSWERS:
\boxed{6*e, -6}"
237,"FINAL_ANSWERS:
\boxed{50}"
238,"FINAL_ANSWERS:
\boxed{-61, 61, 62}"
239,"FINAL_ANSWERS:
\boxed{35, 3.471823645}"
240,"FINAL_ANSWERS:
\boxed{12, 4.9, 3.3}"
241,"FINAL_ANSWERS:
\boxed{B}"
242,"FINAL_ANSWERS:
\boxed{241.2222222222, 239.5, 233, 221.7125599129, 14.8913582022, 6.1730000000}"
243,"FINAL_ANSWERS:
\boxed{0.892465022, 0.215069956}"
244,"FINAL_ANSWERS:
\boxed{F}"
245,"FINAL_ANSWERS:
\boxed{980}"
246,"FINAL_ANSWERS:
\boxed{25, 23, 17, 23, 19}"
247,"FINAL_ANSWERS:
\boxed{2474, 2474/(1+(2409/65)*e**(-0.53*t)), 2473.8383}"
248,"FINAL_ANSWERS:
\boxed{2025}"
249,"FINAL_ANSWERS:
\boxed{G}"
250,"FINAL_ANSWERS:
\boxed{3}"
251,"FINAL_ANSWERS:
\boxed{172.7}"
252,"FINAL_ANSWERS:
\boxed{C}"
253,"FINAL_ANSWERS:
\boxed{E}"
254,"FINAL_ANSWERS:
\boxed{H}"
255,"FINAL_ANSWERS:
\boxed{A}"
256,"FINAL_ANSWERS:
\boxed{-30, 30}"
257,"FINAL_ANSWERS:
\boxed{2.5203, 2.9997, A}"
258,"FINAL_ANSWERS:
\boxed{C}"
259,"FINAL_ANSWERS:
\boxed{B}"
260,"FINAL_ANSWERS:
\boxed{-22, 8}"
261,"FINAL_ANSWERS:
\boxed{4}"
262,"FINAL_ANSWERS:
\boxed{850-50*t, 1480-140*t, 7}"
263,"FINAL_ANSWERS:
\boxed{E}"
264,"FINAL_ANSWERS:
\boxed{256*pi t**(2)}"
265,"FINAL_ANSWERS:
\boxed{A, D}"
266,"FINAL_ANSWERS:
\boxed{G}"
267,"FINAL_ANSWERS:
\boxed{C}"
268,"FINAL_ANSWERS:
\boxed{4450, 14}"
269,"FINAL_ANSWERS:
\boxed{1.60, 0.32, B}"
270,"FINAL_ANSWERS:
\boxed{1.25538}"
271,"FINAL_ANSWERS:
\boxed{-4,0,4}"
272,"FINAL_ANSWERS:
\boxed{B}"
273,"FINAL_ANSWERS:
\boxed{-cos(x)**2, 1, 2*cos**(2)*(x)}"
274,"FINAL_ANSWERS:
\boxed{G}"
275,"FINAL_ANSWERS:
\boxed{2025}"
276,"FINAL_ANSWERS:
\boxed{1373/2744, none}"
277,"FINAL_ANSWERS:
\boxed{\$38,800.00}"
278,"FINAL_ANSWERS:
\boxed{38}"
279,"FINAL_ANSWERS:
\boxed{J}"
280,"FINAL_ANSWERS:
\boxed{H}"
281,"FINAL_ANSWERS:
\boxed{-0.4618, 0.8870, -0.5206, -2.165502337}"
282,"FINAL_ANSWERS:
\boxed{e**(2),-e**(2)}"
283,"FINAL_ANSWERS:
\boxed{114}"
284,"FINAL_ANSWERS:
\boxed{E}"
285,"FINAL_ANSWERS:
\boxed{1}"
286,"FINAL_ANSWERS:
\boxed{H}"
287,"FINAL_ANSWERS:
\boxed{212, 136}"
288,"FINAL_ANSWERS:
\boxed{96*0.9**(n), 27.1132355022, 43}"
289,"FINAL_ANSWERS:
\boxed{4, 9}"
290,"FINAL_ANSWERS:
\boxed{C}"
291,"FINAL_ANSWERS:
\boxed{2304}"
292,"FINAL_ANSWERS:
\boxed{-2-\sqrt{3}}"
293,"FINAL_ANSWERS:
\boxed{2025*t-4300}"
294,"FINAL_ANSWERS:
\boxed{43.2, 7.2, 6}"
295,"FINAL_ANSWERS:
\boxed{C}"
296,"FINAL_ANSWERS:
\boxed{45, 180, 270}"
297,"FINAL_ANSWERS:
\boxed{0.23717082, (-infty,-1.8807936)*U(1.8807936,infty), 0.810996, C}"
298,"FINAL_ANSWERS:
\boxed{C}"
299,"FINAL_ANSWERS:
\boxed{18805.7, no}"
300,"FINAL_ANSWERS:
\boxed{6500}"
301,"FINAL_ANSWERS:
\boxed{0.878, 57.2}"
302,"FINAL_ANSWERS:
\boxed{H}"
303,"FINAL_ANSWERS:
\boxed{C}"
304,"FINAL_ANSWERS:
\boxed{G}"
305,"FINAL_ANSWERS:
\boxed{B}"
306,"FINAL_ANSWERS:
\boxed{H}"
307,"FINAL_ANSWERS:
\boxed{4/3}"
308,"FINAL_ANSWERS:
\boxed{2}"
309,"FINAL_ANSWERS:
\boxed{83000}"
310,"FINAL_ANSWERS:
\boxed{4*k+6, 5*k-11, NO}"
311,"FINAL_ANSWERS:
\boxed{1584.893192}"
312,"FINAL_ANSWERS:
\boxed{0}"
313,"FINAL_ANSWERS:
\boxed{-\dfrac{2*\sqrt{14}}{15}}"
314,"FINAL_ANSWERS:
\boxed{7, -8, -4}"
315,"FINAL_ANSWERS:
\boxed{B, B, A}"
316,"FINAL_ANSWERS:
\boxed{D}"
317,"FINAL_ANSWERS:
\boxed{H}"
318,"FINAL_ANSWERS:
\boxed{8, 0.563480035052222}"
319,"FINAL_ANSWERS:
\boxed{F, T, T, F}"
320,"FINAL_ANSWERS:
\boxed{approaches 1, 3.73}"
321,"FINAL_ANSWERS:
\boxed{H}"
322,"FINAL_ANSWERS:
\boxed{40, 25, 1000}"
323,"FINAL_ANSWERS:
\boxed{[10,12), [-8,-6), [10,18), [-16,-6)}"
324,"FINAL_ANSWERS:
\boxed{H}"
325,"FINAL_ANSWERS:
\boxed{[0,280], [0,14]}"
326,"FINAL_ANSWERS:
\boxed{0.67, 0.36, 0.06}"
327,"FINAL_ANSWERS:
\boxed{7.6}"
328,"FINAL_ANSWERS:
\boxed{B, D, A, C}"
329,"FINAL_ANSWERS:
\boxed{C}"
330,"FINAL_ANSWERS:
\boxed{27, 2613.91}"
331,"FINAL_ANSWERS:
\boxed{C}"
332,"FINAL_ANSWERS:
\boxed{778, 624}"
333,"FINAL_ANSWERS:
\boxed{54, 62}"
334,"FINAL_ANSWERS:
\boxed{F}"
335,"FINAL_ANSWERS:
\boxed{E}"
336,"FINAL_ANSWERS:
\boxed{D}"
337,"FINAL_ANSWERS:
\boxed{H}"
338,"FINAL_ANSWERS:
\boxed{y-axis, origin}"
339,"FINAL_ANSWERS:
\boxed{G}"
340,"FINAL_ANSWERS:
\boxed{C,F,E}"
341,"FINAL_ANSWERS:
\boxed{x+125, (x+5)*(\sqrt[3]{x}+5)}"
342,"FINAL_ANSWERS:
\boxed{negative, positive, negative, positive, positive}"
343,"FINAL_ANSWERS:
\boxed{D, A, C, B, E}"
344,"FINAL_ANSWERS:
\boxed{-5}"
345,"FINAL_ANSWERS:
\boxed{-5/6, 5/6}"
346,"FINAL_ANSWERS:
\boxed{0.7, 0.07, 0.007}"
347,"FINAL_ANSWERS:
\boxed{D}"
348,"FINAL_ANSWERS:
\boxed{D}"
349,"FINAL_ANSWERS:
\boxed{-(2)/(15)}"
350,"FINAL_ANSWERS:
\boxed{11100, 11001, 1100111, 1101110, 101001101, 101010100}"
351,"FINAL_ANSWERS:
\boxed{B}"
352,"FINAL_ANSWERS:
\boxed{68}"
353,"FINAL_ANSWERS:
\boxed{8, C, [5,7], D}"
354,"FINAL_ANSWERS:
\boxed{grams, grams, metric tons, kilograms, grams}"
355,"FINAL_ANSWERS:
\boxed{H}"
356,"FINAL_ANSWERS:
\boxed{F}"
357,"FINAL_ANSWERS:
\boxed{320, 0.0656979592}"
358,"FINAL_ANSWERS:
\boxed{B}"
359,"FINAL_ANSWERS:
\boxed{D}"
360,"FINAL_ANSWERS:
\boxed{D}"
361,"FINAL_ANSWERS:
\boxed{180-7*x}"
362,"FINAL_ANSWERS:
\boxed{(6*x-5*y)*(6*x+5*y)}"
363,"FINAL_ANSWERS:
\boxed{10000*0.89**(t), 4969.812909, 19.7589}"
364,"FINAL_ANSWERS:
\boxed{Y, Y, N, N}"
365,"FINAL_ANSWERS:
\boxed{C}"
366,"FINAL_ANSWERS:
\boxed{E}"
367,"FINAL_ANSWERS:
\boxed{60.3, 46.3, 53.3}"
368,"FINAL_ANSWERS:
\boxed{C, D, D, E}"
369,"FINAL_ANSWERS:
\boxed{0.75, 5, 2}"
370,"FINAL_ANSWERS:
\boxed{-5, 10}"
371,"FINAL_ANSWERS:
\boxed{7.407407407}"
372,"FINAL_ANSWERS:
\boxed{0.5051}"
373,"FINAL_ANSWERS:
\boxed{51.13, 56.71}"
374,"FINAL_ANSWERS:
\boxed{4000}"
375,"FINAL_ANSWERS:
\boxed{A}"
376,"FINAL_ANSWERS:
\boxed{256}"
377,"FINAL_ANSWERS:
\boxed{B}"
378,"FINAL_ANSWERS:
\boxed{0.000142, 0.00002207, 0.00011993, 0.1554225, 15.54225}"
379,"FINAL_ANSWERS:
\boxed{480}"
380,"FINAL_ANSWERS:
\boxed{0.075, 0.239, 32000, 16710, 38000, 0.00248, 52000}"
381,"FINAL_ANSWERS:
\boxed{2040}"
382,"FINAL_ANSWERS:
\boxed{6.1111111111, 10.3888888889}"
383,"FINAL_ANSWERS:
\boxed{1}"
384,"FINAL_ANSWERS:
\boxed{\dfrac{ln((11)/(32))-3}{5}}"
385,"FINAL_ANSWERS:
\boxed{A, A, A}"
386,"FINAL_ANSWERS:
\boxed{then n=3}"
387,"FINAL_ANSWERS:
\boxed{-230}"
388,"FINAL_ANSWERS:
\boxed{4.109677419354839, 3.522580645161290, 2.935483870967742, 1.174193548387097, 0}"
389,"FINAL_ANSWERS:
\boxed{F}"
390,"FINAL_ANSWERS:
\boxed{3/25, -15/14}"
391,"FINAL_ANSWERS:
\boxed{I}"
392,"FINAL_ANSWERS:
\boxed{81}"
393,"FINAL_ANSWERS:
\boxed{(1/10)*arccos((x-6)/16), -10, 22}"
394,"FINAL_ANSWERS:
\boxed{H}"
395,"FINAL_ANSWERS:
\boxed{28.333333333, -23.75, -1.4285714286}"
396,"FINAL_ANSWERS:
\boxed{(-inf,5), (-3,5]}"
397,"FINAL_ANSWERS:
\boxed{804.247719318987, 2144.66057554232}"
398,"FINAL_ANSWERS:
\boxed{A}"
399,"FINAL_ANSWERS:
\boxed{E}"
400,"FINAL_ANSWERS:
\boxed{E}"
401,"FINAL_ANSWERS:
\boxed{143.24, 240, 52.52, -135}"
402,"FINAL_ANSWERS:
\boxed{J}"
403,"FINAL_ANSWERS:
\boxed{I}"
404,"FINAL_ANSWERS:
\boxed{52}"
405,"FINAL_ANSWERS:
\boxed{H}"
406,"FINAL_ANSWERS:
\boxed{-7}"
407,"FINAL_ANSWERS:
\boxed{C}"
408,"FINAL_ANSWERS:
\boxed{5816/9999, 3017/99990, 574/999, 653/9990, 428/999}"
409,"FINAL_ANSWERS:
\boxed{(0.825976744,3.387976744), (-0.776023256,4.989976744)}"
410,"FINAL_ANSWERS:
\boxed{45, 4}"
411,"FINAL_ANSWERS:
\boxed{27.36676267127108}"
412,"FINAL_ANSWERS:
\boxed{\dfrac{4*\sqrt{78}-35}{72}}"
413,"FINAL_ANSWERS:
\boxed{0.8928571429, (1.847,infty), 0.2000000000, A}"
414,"FINAL_ANSWERS:
\boxed{I}"
415,"FINAL_ANSWERS:
\boxed{(A/6)**(1/2), A, (A/6)**(3/2), A}"
416,"FINAL_ANSWERS:
\boxed{11, 16}"
417,"FINAL_ANSWERS:
\boxed{1.0055555555555556, 0.967535211270322, 28, 29.1, 1.0392857142857142}"
418,"FINAL_ANSWERS:
\boxed{2.958039891, 1.750686078, 0.001550000, B}"
419,"FINAL_ANSWERS:
\boxed{n**(2)}"
420,"FINAL_ANSWERS:
\boxed{H}"
421,"FINAL_ANSWERS:
\boxed{-\frac{9*\sqrt{5}}{20}, -\frac{\sqrt{5}}{20}}"
422,"FINAL_ANSWERS:
\boxed{32}"
423,"FINAL_ANSWERS:
\boxed{-0.5}"
424,"FINAL_ANSWERS:
\boxed{parameter, parameter, statistic, statistic}"
425,"FINAL_ANSWERS:
\boxed{7}"
426,"FINAL_ANSWERS:
\boxed{11}"
427,"FINAL_ANSWERS:
\boxed{E}"
428,"FINAL_ANSWERS:
\boxed{43, 55}"
429,"FINAL_ANSWERS:
\boxed{A}"
430,"FINAL_ANSWERS:
\boxed{E}"
431,"FINAL_ANSWERS:
\boxed{5, 42}"
432,"FINAL_ANSWERS:
\boxed{1.202502222,2.129396029,4.344094876,5.270988682}"
433,"FINAL_ANSWERS:
\boxed{C}"
434,"FINAL_ANSWERS:
\boxed{A}"
435,"FINAL_ANSWERS:
\boxed{0.4457, 0.5368, A}"
436,"FINAL_ANSWERS:
\boxed{20}"
437,"FINAL_ANSWERS:
\boxed{(76.3742,79.6258)}"
438,"FINAL_ANSWERS:
\boxed{5, 9, 1, 10, 2, 0, 10, x**(3)*y**(7), 1}"
439,"FINAL_ANSWERS:
\boxed{-(4)/(13)}"
440,"FINAL_ANSWERS:
\boxed{G}"
441,"FINAL_ANSWERS:
\boxed{260}"
442,"FINAL_ANSWERS:
\boxed{J}"
443,"FINAL_ANSWERS:
\boxed{S}"
444,"FINAL_ANSWERS:
\boxed{113, 35, 112, 61, 148, 43}"
445,"FINAL_ANSWERS:
\boxed{S}"
446,"FINAL_ANSWERS:
\boxed{1.871657204, 0.971960250}"
447,"FINAL_ANSWERS:
\boxed{x \leq 4}"
448,"FINAL_ANSWERS:
\boxed{x**(3)-4*x**(2)-6*x+30, x**(2)-9*x+20}"
449,"FINAL_ANSWERS:
\boxed{3.5853, 0.0003419, B}"
450,"FINAL_ANSWERS:
\boxed{E}"
451,"FINAL_ANSWERS:
\boxed{0.129032258064516, 0.193548387096774, 0.209677419354839, 14, 0.177419354838710, 0.064516129032258}"
452,"FINAL_ANSWERS:
\boxed{42}"
453,"FINAL_ANSWERS:
\boxed{1}"
454,"FINAL_ANSWERS:
\boxed{1.5, 0.9375}"
455,"FINAL_ANSWERS:
\boxed{C}"
456,"FINAL_ANSWERS:
\boxed{-7.71, A, B}"
457,"FINAL_ANSWERS:
\boxed{B}"
458,"FINAL_ANSWERS:
\boxed{1}"
459,"FINAL_ANSWERS:
\boxed{sin(A)**2, cos(A)/sin(A), sec(A)**2, 1/tan(A), 1/sin(A)}"
460,"FINAL_ANSWERS:
\boxed{F, F, T, T, T, T, F}"
461,"FINAL_ANSWERS:
\boxed{2, 227}"
462,"FINAL_ANSWERS:
\boxed{-7, 8}"
463,"FINAL_ANSWERS:
\boxed{D}"
464,"FINAL_ANSWERS:
\boxed{G}"
465,"FINAL_ANSWERS:
\boxed{H}"
466,"FINAL_ANSWERS:
\boxed{26.9}"
467,"FINAL_ANSWERS:
\boxed{0.027*w, A, A, 4.995}"
468,"FINAL_ANSWERS:
\boxed{0.6713603882, 0.8815807882}"
469,"FINAL_ANSWERS:
\boxed{s**(2), 0.1575*A, 0.1575*s**(2), C, 81, square feet, 14.175, dollars, 19.0575, dollars}"
470,"FINAL_ANSWERS:
\boxed{1.959963985, 2.200985002, 2.326347874, 2.718079245, 2.575829304, 3.105806900}"
471,"FINAL_ANSWERS:
\boxed{C}"
472,"FINAL_ANSWERS:
\boxed{I}"
473,"FINAL_ANSWERS:
\boxed{[-7,-3]}"
474,"FINAL_ANSWERS:
\boxed{C}"
475,"FINAL_ANSWERS:
\boxed{1}"
476,"FINAL_ANSWERS:
\boxed{G}"
477,"FINAL_ANSWERS:
\boxed{A, C}"
478,"FINAL_ANSWERS:
\boxed{-(3)/(10)}"
479,"FINAL_ANSWERS:
\boxed{40.35610980, 43.64389020, 40.01015980, 43.98984020}"
480,"FINAL_ANSWERS:
\boxed{2.5, 2.5}"
481,"FINAL_ANSWERS:
\boxed{A}"
482,"FINAL_ANSWERS:
\boxed{H}"
483,"FINAL_ANSWERS:
\boxed{A}"
484,"FINAL_ANSWERS:
\boxed{C}"
485,"FINAL_ANSWERS:
\boxed{135}"
486,"FINAL_ANSWERS:
\boxed{B}"
487,"FINAL_ANSWERS:
\boxed{-21.1, -0.963646}"
488,"FINAL_ANSWERS:
\boxed{2025!}"
489,"FINAL_ANSWERS:
\boxed{385}"
490,"FINAL_ANSWERS:
\boxed{23,410, 23,410, 23,410, 23,410}"
491,"FINAL_ANSWERS:
\boxed{1255.3666666666667, 1091.140222222222, 1419.593111111111, No, Central Limit Theorem}"
492,"FINAL_ANSWERS:
\boxed{A, A}"
493,"FINAL_ANSWERS:
\boxed{14.68, B, 0.06867, 0.10827}"
494,"FINAL_ANSWERS:
\boxed{7, 0.062}"
495,"FINAL_ANSWERS:
\boxed{100, 100, 200, 0.255, 5.991, B}"
496,"FINAL_ANSWERS:
\boxed{9.594054054}"
497,"FINAL_ANSWERS:
\boxed{1.110612514829193, 88.85302850200001, 88.85302850200001, 0.900404044317083}"
498,"FINAL_ANSWERS:
\boxed{15}"
499,"FINAL_ANSWERS:
\boxed{36.9, 0.3225, 32.25, 2.149}"
500,"FINAL_ANSWERS:
\boxed{J}"
501,"FINAL_ANSWERS:
\boxed{F}"
502,"FINAL_ANSWERS:
\boxed{8/11}"
503,"FINAL_ANSWERS:
\boxed{y=-43000*x+833000, 446000, 2019.37209302326}"
504,"FINAL_ANSWERS:
\boxed{-3/2, -3*\sqrt{3}/2}"
505,"FINAL_ANSWERS:
\boxed{3, 6, -5, -4, 2, 2}"
506,"FINAL_ANSWERS:
\boxed{E}"
507,"FINAL_ANSWERS:
\boxed{I}"
508,"FINAL_ANSWERS:
\boxed{1}"
509,"FINAL_ANSWERS:
\boxed{H}"
510,"FINAL_ANSWERS:
\boxed{1}"
511,"FINAL_ANSWERS:
\boxed{I}"
512,"FINAL_ANSWERS:
\boxed{64*p**(2)+64*p+16}"
513,"FINAL_ANSWERS:
\boxed{-1.405118622, 1.405118622, 1.750686005}"
514,"FINAL_ANSWERS:
\boxed{I}"
515,"FINAL_ANSWERS:
\boxed{-8,1,12,19}"
516,"Okay, let's see. The problem is about the expression 7j - 11j + 4j. First, they want the coefficients. Coefficients are the numbers multiplied by the variable j here. So in each term, the coefficients are 7, -11, and 4. Wait, the problem says ""the coefficients=[ANS] (separate by a comma)"". So I need to list those coefficients. Let me check: 7j has coefficient 7, -11j has coefficient -11, and 4j has coefficient 4. So the coefficients are 7, -11, 4. But maybe they want them in order as they appear in the expression? The expression is written as 7j -11j +4j, so the coefficients are 7, -11, 4. So the first answer is those three numbers separated by commas.

Then the second part is 7j -11j +4j equals what. To simplify that, combine like terms. 7j -11j is (7 -11)j = -4j, then -4j +4j is 0j, which is 0. So the simplified expression is 0.

Wait, let me verify. 7j minus 11j is -4j, plus 4j is 0. Yep, that's right. So the second answer is 0.

So the coefficients are 7, -11, 4. The problem says ""the coefficients=[ANS] (separate by a comma)"". So the first blank is ""7, -11, 4"" but maybe they want them without spaces? Wait, the problem says ""separate by a comma"", so probably with spaces or without? The example in the problem says ""separate by a comma"", so in the answer, it's just the numbers with commas. Let me check the problem statement again.

The problem says: ""The coefficients=[ANS] (separate by a comma) and 7 j-11 j+4 j= [ANS]""

So the first answer is the list of coefficients, which are 7, -11, 4. So written as ""7,-11,4"" or ""7, -11, 4""? The problem says ""separate by a comma"", so probably without spaces, but maybe with. Wait, in math problems, when listing coefficients, they usually write them with commas and spaces, but the problem says ""separate by a comma"", so maybe just commas without spaces. Let me think. The problem says ""keep visible work short"", so probably just the numbers with commas. Let's see.

In the problem statement, the expression is written as ""7 j-11 j+4 j"", so the coefficients are 7, -11, 4. So the first answer is 7, -11, 4. The second answer is 0.

Wait, the problem says ""the coefficients=[ANS]"". So the coefficients of the terms in the expression. Each term has a coefficient: 7j has coefficient 7, -11j has coefficient -11, 4j has coefficient 4. So yes, those three.

So the first answer is ""7, -11, 4"" but in the box, they want it without spaces? Wait, the problem says ""Do not box anything before the final answer block."" and ""Output exactly one final \boxed{}."" with answers separated by commas.

The problem says: ""If there are multiple [ANS] blanks, put answers in the same box separated by commas.""

So the two answers are the coefficients (as a list) and the simplified expression.

Wait, the problem says: ""The coefficients=[ANS] (separate by a comma) and 7 j-11 j+4 j= [ANS]""

So the first [ANS] is the coefficients (three numbers), the second [ANS] is the simplified expression (0).

So the first answer is ""7, -11, 4"" but written as a comma-separated list. Let's check if the problem wants the coefficients in order. The expression is 7j -11j +4j, so the coefficients are 7, -11, 4. So yes.

So the first answer is 7, -11, 4 (as a list), the second is 0.

Wait, but the problem says ""the coefficients=[ANS]"". Maybe they want the coefficients of the entire expression? But the expression is a sum of three terms, each with a coefficient. So the coefficients are 7, -11, 4.

Yes, that's correct.

So the first answer is ""7, -11, 4"" (but in the box, probably without spaces, but the problem says ""separate by a comma"", so maybe with spaces? Wait, the problem says ""keep visible work short"", so maybe just the numbers with commas. Let's see.

In the problem statement, the example output is \boxed{answer1, answer2}, so for the first answer, it's a list of coefficients, so ""7,-11,4"" (without spaces) or ""7, -11, 4"" (with spaces). But in math problems, when listing numbers with commas, spaces are often used, but the problem says ""separate by a comma"", so maybe just commas without spaces. Let me check standard practice.

In many math contexts, when listing coefficients, you write them with commas and spaces, but the problem says ""separate by a comma"", so perhaps the answer is ""7, -11, 4"" but in the box, the problem says ""No units, labels, [ANS], explanations, or words inside the box."" So the box should have the numbers as strings with commas.

Wait, the problem says ""Answer every [ANS] blank in order; do not add extra answers."" So the first [ANS] is the coefficients (three numbers), the second is the simplified expression (0).

So the first answer is ""7, -11, 4"" but written as ""7,-11,4"" (without spaces) because the problem says ""separate by a comma"" and to keep it short.

Let me think: if I write ""7, -11, 4"" with spaces, that's three characters per number (including the comma and space), but the problem says ""keep visible work short"". So probably without spaces. For example, in programming, comma-separated lists often don't have spaces. So the answer would be ""7,-11,4"".

Then the second answer is ""0"".

So the final answer is \boxed{7,-11,4,0}? Wait, no. Wait, the problem says ""This problem has 2 [ANS] blanks."" So two answers. The first [ANS] is the coefficients (three numbers), the second [ANS] is the simplified expression (0). So the box should have two answers: the first is the list of coefficients (three numbers), the second is 0.

Wait, the problem says: ""Return exactly 2 answers."" So the first answer is the coefficients (three numbers), the second is the simplified expression (0).

So the output should be \boxed{7,-11,4,0}? Wait, no. Wait, the problem says ""put answers in the same box separated by commas"". So the first answer is a list of three numbers (separated by commas), the second answer is a single number. So the box should have the three coefficients (as a comma-separated list) followed by the simplified expression (0), all separated by commas.

Wait, the problem says: ""If there are multiple [ANS] blanks, put answers in the same box separated by commas.""

So the first [ANS] is one answer (a list of three numbers), the second [ANS] is another answer (a single number). So the box should have the first answer (the list) and the second answer (the number), separated by a comma.

Wait, no. Wait, the problem says ""the coefficients=[ANS] (separate by a comma)"" so the first [ANS] is a list of coefficients (three numbers) separated by commas. Then the second [ANS] is the simplified expression.

So the problem has two [ANS] blanks. The first blank is the coefficients (three numbers), the second is the simplified expression (0).

So the answer should be: first answer is ""7, -11, 4"" (but written as a comma-separated list without spaces), second answer is ""0"".

So the box should be \boxed{7,-11,4,0}? Wait, no. Wait, the problem says ""put answers in the same box separated by commas"". So the first answer (the coefficients) is a single answer (a list of three numbers), and the second answer is another answer (a single number). So the box should have the first answer (as a comma-separated list) followed by the second answer, all separated by commas.

Wait, for example, if the first answer is ""a,b,c"" and the second is ""d"", then the box is \boxed{a,b,c,d}.

Yes, that's how it works. So in this case, the first answer is ""7,-11,4"" (three numbers separated by commas), the second answer is ""0"". So the box is \boxed{7,-11,4,0}.

Wait, but the problem says ""the coefficients=[ANS] (separate by a comma)"". So the [ANS] for coefficients is a list of numbers separated by commas. So the first answer is ""7,-11,4"" (as a string), and the second answer is ""0"". So the two answers are ""7,-11,4"" and ""0"", so the box is \boxed{7,-11,4,0}.

Let me confirm. Let's take a step back.

The expression is 7j -11j +4j.

Coefficients: each term's coefficient is 7, -11, 4. So the coefficients are 7, -11, 4.

Simplifying the expression: 7j -11j +4j = (7 -11 +4)j = 0j = 0.

So the two answers are the list of coefficients (7, -11, 4) and 0.

The problem says ""Return exactly 2 answers."" So the first answer is the coefficients (three numbers), the second is 0.

The output format is \boxed{answer1, answer2}, where answer1 is the coefficients (as a comma-separated list) and answer2 is 0.

So answer1 is ""7,-11,4"" (without spaces), answer2 is ""0"".

Thus, the final answer is \boxed{7,-11,4,0}.

Wait, but the problem says ""the coefficients=[ANS] (separate by a comma)"". So the [ANS] for coefficients is a list of numbers separated by commas, so the first answer is ""7,-11,4"", and the second answer is ""0"". So the box has those two answers separated by a comma.

Yes, that's correct.

I think that's it.
</think>

FINAL_ANSWERS:
\boxed{7,-11,4,0}"
517,"FINAL_ANSWERS:
\boxed{E}"
518,"FINAL_ANSWERS:
\boxed{C}"
519,"FINAL_ANSWERS:
\boxed{426.2, 5089, 98.33}"
520,"FINAL_ANSWERS:
\boxed{44}"
521,"FINAL_ANSWERS:
\boxed{F}"
522,"FINAL_ANSWERS:
\boxed{-0.471,0.471}"
523,"FINAL_ANSWERS:
\boxed{3}"
524,"FINAL_ANSWERS:
\boxed{E}"
525,"FINAL_ANSWERS:
\boxed{H}"
526,"FINAL_ANSWERS:
\boxed{128*x**(4)+16*x**(2)+4}"
527,"FINAL_ANSWERS:
\boxed{8, 700, x, 25000, (285.7142857142857)}"
528,"FINAL_ANSWERS:
\boxed{43189, 2069}"
529,"FINAL_ANSWERS:
\boxed{21.45}"
530,"FINAL_ANSWERS:
\boxed{8/9, 7/9, 5}"
531,"FINAL_ANSWERS:
\boxed{C,D,F,H}"
532,"FINAL_ANSWERS:
\boxed{I}"
533,"FINAL_ANSWERS:
\boxed{0.0564}"
534,"FINAL_ANSWERS:
\boxed{G}"
535,"FINAL_ANSWERS:
\boxed{-6,-4}"
536,"FINAL_ANSWERS:
\boxed{E}"
537,"FINAL_ANSWERS:
\boxed{42}"
538,"FINAL_ANSWERS:
\boxed{E}"
539,"FINAL_ANSWERS:
\boxed{4, 5}"
540,"FINAL_ANSWERS:
\boxed{A, B, C}"
541,"FINAL_ANSWERS:
\boxed{5}"
542,"FINAL_ANSWERS:
\boxed{285, 7457.1111111111, 86.3546666667, A}"
543,"FINAL_ANSWERS:
\boxed{1.43, 0.54}"
544,"FINAL_ANSWERS:
\boxed{A}"
545,"FINAL_ANSWERS:
\boxed{400000}"
546,"FINAL_ANSWERS:
\boxed{92, 126, 146, 72, 172}"
547,"FINAL_ANSWERS:
\boxed{H}"
548,"FINAL_ANSWERS:
\boxed{1.2*x=144, 120.00}"
549,"FINAL_ANSWERS:
\boxed{J}"
550,"FINAL_ANSWERS:
\boxed{J}"
551,"FINAL_ANSWERS:
\boxed{\sqrt{28}}"
552,"FINAL_ANSWERS:
\boxed{36232.77167,33218.96167, 36232.77167,33218.96167}"
553,"FINAL_ANSWERS:
\boxed{24, 1.6}"
554,"FINAL_ANSWERS:
\boxed{A}"
555,"FINAL_ANSWERS:
\boxed{1.109399623, 0.133632}"
556,"FINAL_ANSWERS:
\boxed{C,D}"
557,"FINAL_ANSWERS:
\boxed{5}"
558,"FINAL_ANSWERS:
\boxed{6.5*x-25}"
559,"FINAL_ANSWERS:
\boxed{-280}"
560,"FINAL_ANSWERS:
\boxed{C, A, A}"
561,"FINAL_ANSWERS:
\boxed{E}"
562,"FINAL_ANSWERS:
\boxed{H}"
563,"FINAL_ANSWERS:
\boxed{20}"
564,"FINAL_ANSWERS:
\boxed{D}"
565,"FINAL_ANSWERS:
\boxed{-7.006, -7.06, -7.6}"
566,"FINAL_ANSWERS:
\boxed{3}"
567,"FINAL_ANSWERS:
\boxed{A, A}"
568,"FINAL_ANSWERS:
\boxed{-10, 3}"
569,"FINAL_ANSWERS:
\boxed{B}"
570,"FINAL_ANSWERS:
\boxed{J}"
571,"FINAL_ANSWERS:
\boxed{E}"
572,"FINAL_ANSWERS:
\boxed{8, -6, 6, 8}"
573,"FINAL_ANSWERS:
\boxed{17/72}"
574,"FINAL_ANSWERS:
\boxed{S}"
575,"FINAL_ANSWERS:
\boxed{G}"
576,"FINAL_ANSWERS:
\boxed{5/2, 1/2}"
577,"FINAL_ANSWERS:
\boxed{F}"
578,"FINAL_ANSWERS:
\boxed{7.62, 9.00, 95.44}"
579,"FINAL_ANSWERS:
\boxed{C}"
580,"FINAL_ANSWERS:
\boxed{D}"
581,"FINAL_ANSWERS:
\boxed{F}"
582,"FINAL_ANSWERS:
\boxed{1035}"
583,"FINAL_ANSWERS:
\boxed{0}"
584,"FINAL_ANSWERS:
\boxed{7*z, 6*w}"
585,"FINAL_ANSWERS:
\boxed{-0.2236067977, 2.2621575287, -2.2621575287, No, No}"
586,"FINAL_ANSWERS:
\boxed{2.097, -1.109, 0.1429, -0.0314}"
587,"FINAL_ANSWERS:
\boxed{[C,F,I,J,K,L], C, [A,B,C], B}"
588,"FINAL_ANSWERS:
\boxed{E}"
589,"FINAL_ANSWERS:
\boxed{S}"
590,"FINAL_ANSWERS:
\boxed{D}"
591,"FINAL_ANSWERS:
\boxed{2*cos(1), 2*sin(1), 2*sin(2), 2*cos(2), 3.1622776601683795, -0.3217505543966422, 4.123105625617661, 1.3258176636680326}"
592,"FINAL_ANSWERS:
\boxed{I}"
593,"FINAL_ANSWERS:
\boxed{19.4}"
594,"FINAL_ANSWERS:
\boxed{F}"
595,"Okay, let's tackle this problem step by step. First, part a) is about logistic regression likelihood properties. I need to recall some basics.

Logistic regression models the probability of a binary outcome. The likelihood function for logistic regression is the product of the probabilities for each data point. For each observation (x_i, y_i), the likelihood contribution is p_i^y_i * (1 - p_i)^(1 - y_i), where p_i is the predicted probability from the logistic model.

First, let's consider the options:

A. Residual deviance ≥ 0
B. Residual deviance ≤ 0
C. Likelihood ≤ 0
D. Log-likelihood ≤ 0
E. Likelihood ≤ 1
F. Likelihood ≥ 1
G. Likelihood ≥ 0
H. Log-likelihood ≥ 0
I. Under I have all data values, I cannot determine any of the above

Starting with the residual deviance. Residual deviance is defined as -2 times the difference between the log-likelihood of the saturated model and the log-likelihood of the current model. Since the saturated model has the maximum possible log-likelihood (it's the model that perfectly fits the data), the residual deviance is always non-negative. So A is true, B is false.

Next, the likelihood itself. The likelihood is a product of terms each of which is between 0 and 1 (since p_i is between 0 and 1, and y_i is 0 or 1). So each term p_i^y_i*(1-p_i)^(1-y_i) is in (0,1] (if y_i=1, it's p_i; if y_i=0, it's 1-p_i). Therefore, the total likelihood is a product of numbers each ≤1, so the likelihood is ≤1. Also, since each term is positive (assuming p_i is not 0 or 1, but even if it is, the likelihood is 0 or 1), the likelihood is ≥0. So E and G are true. Wait, but the problem says ""the likelihood"" here. Wait, in logistic regression, the likelihood is a product of probabilities, so it's always between 0 and 1 (inclusive). So E: likelihood ≤1 (true), G: likelihood ≥0 (true). C says likelihood ≤0, which is false because it's positive (unless some p_i is 0 or 1, but even then, if y_i=1 and p_i=0, the term is 0, but the likelihood would be 0. Wait, but in practice, the likelihood can be 0 if there's a data point where the model predicts 0 for y_i=1, but in the problem statement, they have data points like (8,0), (6,1), etc. But the question is about general properties. Wait, the problem says ""the likelihood for logistic regression"" in general. So for logistic regression, the likelihood is a product of terms each of which is positive (if the model is not perfectly wrong), but technically, if the model predicts 0 for a y_i=1, then that term is 0, making the entire likelihood 0. However, in most cases, the likelihood is positive. But the question is about which statements are always true.

Wait, the problem says ""Which are the following are true?"" So we need to see which statements are always true for logistic regression likelihood.

Let's think again. The likelihood function L(θ) = product_{i=1}^n [p_i^{y_i} (1 - p_i)^{1 - y_i}], where p_i = 1/(1 + e^{-x_i^T β}).

Each term p_i^{y_i} (1 - p_i)^{1 - y_i} is in (0,1] because p_i ∈ (0,1) (assuming the model is not at the boundaries, but even if p_i is 0 or 1, the term is 0 or 1). However, if p_i = 0, then for y_i=1, the term is 0; for y_i=0, it's 1. Similarly, p_i=1 gives 1 for y_i=1, 0 for y_i=0.

But in general, the likelihood is a product of non-negative numbers (since probabilities are non-negative). So the likelihood is ≥0 (G is true). It's ≤1 because each term is ≤1 (since p_i ≤1 and 1-p_i ≤1, and raising to a power doesn't make it larger than 1). So E is true (likelihood ≤1). C says likelihood ≤0, which is false because it's ≥0. F says ≥1, which is false. So E and G are true.

Now the log-likelihood. The log-likelihood is the sum of log(p_i^{y_i} (1 - p_i)^{1 - y_i}) = sum [y_i log p_i + (1 - y_i) log (1 - p_i)]. Since p_i ∈ (0,1), log p_i <0 and log (1 - p_i) <0. So each term is negative (because y_i is 0 or 1; if y_i=1, it's log p_i <0; if y_i=0, it's log (1 - p_i) <0). Therefore, the log-likelihood is negative (unless p_i=1 for all y_i=1 and p_i=0 for all y_i=0, but in that case, the log-likelihood is 0). Wait, if all data points are correctly predicted (e.g., all y_i=1 and p_i=1, or all y_i=0 and p_i=0), then the log-likelihood is 0. But in general, it's negative. Wait, no: if p_i=1 for a y_i=1, then log p_i =0, so that term is 0. If p_i=0 for a y_i=0, log(1-p_i)=0. So the log-likelihood can be 0 (if the model perfectly fits the data), but otherwise, it's negative.

Wait, the problem says ""the likelihood"" in general. Let's clarify:

- Likelihood (L) is a product of probabilities, so L ∈ [0,1] (since each term is in [0,1], product is in [0,1]). So L ≥0 (G true), L ≤1 (E true).

- Log-likelihood (ll) = log L. So ll ∈ (-∞, 0] (since L ∈ (0,1] implies ll ≤0; if L=0, ll is -∞). Wait, but if L=0, log L is undefined (approaches -∞). So in practice, the log-likelihood is ≤0 (D is true: log-likelihood ≤0). H says log-likelihood ≥0, which is false.

Wait, let's check:

If L >0, then ll = log L <0 (since L ≤1). If L=1, then ll=0. When is L=1? Only if for all i, p_i = y_i (since if y_i=1, p_i=1; if y_i=0, p_i=0). But in logistic regression, p_i = 1/(1 + e^{-x_i^T β}), which is 1 only if x_i^T β → ∞, and 0 only if x_i^T β → -∞. So it's possible to have L=1 (perfect fit), but in most cases, it's less than 1. However, the log-likelihood is ≤0 (since L ≤1), so D is true (log-likelihood ≤0), and H is false (log-likelihood ≥0).

Residual deviance: as mentioned, residual deviance is -2*(log-likelihood of saturated model - log-likelihood of current model). The saturated model has the maximum log-likelihood (it's the model that fits the data perfectly), so the residual deviance is always ≥0 (A is true, B is false).

Now, option I says ""Under I have all data values, I cannot determine any of the above"". But we can determine some, so I is false.

Let's list the true statements:

A: True (residual deviance ≥0)
D: True (log-likelihood ≤0)
E: True (likelihood ≤1)
G: True (likelihood ≥0)

Wait, let's confirm each:

A: Residual deviance is always ≥0. Yes, because it's a measure of how much the model deviates from the saturated model, so it's non-negative. Correct.

B: False.

C: Likelihood ≤0? No, likelihood is ≥0 (G is true), so C is false.

D: Log-likelihood ≤0? Yes, because likelihood is ≤1 (so log(likelihood) ≤0). Correct.

E: Likelihood ≤1? Yes, since it's a product of terms each ≤1. Correct.

F: Likelihood ≥1? No, since each term is ≤1, product is ≤1. So F is false.

G: Likelihood ≥0? Yes, since it's a product of non-negative numbers (probabilities). Correct.

H: Log-likelihood ≥0? No, because log-likelihood is ≤0 (D is true). So H is false.

I: False, because we can determine some (A, D, E, G).

Wait, but wait: is the likelihood always ≤1? Yes, because each term is a probability (so ≤1), and the product of numbers ≤1 is ≤1. So E is true.

Is the likelihood always ≥0? Yes, because probabilities are non-negative, so the product is non-negative. So G is true.

Log-likelihood: since likelihood is ≤1 (and >0), log-likelihood is ≤0. So D is true.

Residual deviance: always ≥0 (A is true).

So the correct answers for part a) are A, D, E, G.

Wait, but let me check again. For example, if all data points are correctly predicted (e.g., y_i=1 and p_i=1 for all), then the likelihood is 1 (since 1^1=1), so log-likelihood is 0. So in that case, log-likelihood is 0, which is ≤0 (so D is still true). If the model is perfect, log-likelihood is 0, which is the maximum possible (since it can't be higher). So D is always true (log-likelihood ≤0).

Another example: if a data point has y_i=0 and p_i=0.5, then the term is 0.5, so the likelihood is a product of such terms, so ≤1. So E is true.

So part a) answers: A, D, E, G.

Now part b): The reason for the answer in (a) is because for the likelihood of discrete random variables, the likelihood is a [ANS].

In logistic regression, the response variable y_i is binary (discrete). The likelihood for discrete data is a product of probabilities (since it's the probability of observing the data given the parameters). So the likelihood is a product (or a product of terms). The question says ""the likelihood is a [ANS]"". The answer here is ""product"" or ""product of probabilities"". But the problem says ""fill in one suitable word"". In statistics, the likelihood for discrete data is a product of the probability mass functions (PMFs) for each observation. So the word is ""product"".

Wait, the problem says ""for the likelihood of discrete random variables, the likelihood is a [ANS]"". The likelihood function for discrete data is a product of the probabilities (PMFs) for each data point. So the answer is ""product"".

Let me confirm: In general, for discrete data, the likelihood is the product of the probabilities of each observation under the model. So yes, the answer is ""product"".

So part b) answer is ""product"".

Wait, but let's check the problem statement again: ""the likelihood is a [ANS]"". The options are words. The standard term is ""product"".

Yes, for example, in logistic regression, the likelihood is the product of the probabilities for each observation.

So part a) answers: A, D, E, G.

Wait, but the problem says ""There might be more than one correct answer."" So we need to list all correct ones.

Let me recheck:

- Residual deviance: A is true (≥0), B false.

- Likelihood: G (≥0) and E (≤1) are true. C (≤0) false, F (≥1) false.

- Log-likelihood: D (≤0) true, H (≥0) false.

So the correct options are A, D, E, G.

Is there any case where log-likelihood is positive? No, because likelihood is ≤1 (so log(likelihood) ≤0). So D is always true.

Yes, so part a) answers are A, D, E, G.

Part b) answer is ""product"".

Wait, the problem says ""the likelihood is a [ANS]"". The answer is ""product"" (since it's a product of probabilities).

Yes, that's standard.

So the final answers for part a) are A, D, E, G and part b) is product.

But the problem says ""This problem has 2 [ANS] blanks."" So the first blank is part a) answers (multiple), the second is part b).

Wait, the problem says: ""Return exactly 2 answers."" So the first answer is the list of correct options for part a), the second is the word for part b).

The output should be in the format: \boxed{answer1, answer2}

But the problem says ""If there are multiple [ANS] blanks, put answers in the same box separated by commas.""

Wait, the problem has two blanks: part a) has multiple answers (the [ANS] in the question), and part b) has one [ANS]. Wait, the problem says ""This problem has 2 [ANS] blanks."" So the first [ANS] is the list of correct options for part a), and the second [ANS] is the word for part b).

Wait, the problem says: ""Part a) ... Which are the following are true? ... [ANS] A. ... B. ... etc."" So the [ANS] here is a list of letters (A, D, E, G). Then part b) has another [ANS] blank.

So the two answers are:

1. The list of correct letters for part a) (A, D, E, G)

2. The word for part b) (product)

But the problem says ""Return exactly 2 answers."" So the first answer is the list of letters (comma-separated), the second is the word.

Wait, the problem says: ""This problem has 2 [ANS] blanks."" So the first [ANS] is the answer to part a) (which is multiple letters), the second [ANS] is the answer to part b).

So the output should be \boxed{A,D,E,G,product}

Wait, but the problem says ""Do not box anything before the final answer block."" and ""Output exactly one final \boxed{}.""

Also, ""If one answer is a point, interval, set, list, solution list, or confidence interval, wrap it in parentheses/brackets.""

For part a), the answer is a list of letters (A, D, E, G), so we write them as A,D,E,G.

Part b) is a single word: product.

So the final answer is \boxed{A,D,E,G,product}

Wait, but the problem says ""the likelihood is a [ANS]"". The answer is ""product"" (one word).

Let me check if there's another possible answer. For example, in some contexts, it's called a ""probability mass function product"", but the question says ""fill in one suitable word"". The standard term is ""product"".

Yes, in statistics, the likelihood for discrete data is a product of the probability mass functions (PMFs) for each observation. So the answer is ""product"".

So the two answers are the list of correct options (A, D, E, G) and ""product"".

Wait, but the problem says ""Part a) ... Which are the following are true? There might be more than one correct answer."" So the answer for part a) is the letters of the correct options.

Let me confirm once more:

- Residual deviance is always ≥0 (A true)

- Log-likelihood is always ≤0 (D true)

- Likelihood is always ≤1 (E true)

- Likelihood is always ≥0 (G true)

Yes, that's correct.

So the answers are A, D, E, G for part a), and product for part b).

The problem says ""Return exactly 2 answers."" So the first answer is the list (A,D,E,G), the second is product.

The output format is \boxed{answer1, answer2}

So \boxed{A,D,E,G,product}

Wait, but the problem says ""If one answer is a point, interval, set, list, solution list, or confidence interval, wrap it in parentheses/brackets."" Here, the first answer is a list of letters, so we don't wrap it in brackets. The problem says ""do not add extra answers"".

Yes, this should be correct.
</think>

FINAL_ANSWERS:
\boxed{A,D,E,G,product}"
596,"FINAL_ANSWERS:
\boxed{G}"
597,"FINAL_ANSWERS:
\boxed{B}"
598,"FINAL_ANSWERS:
\boxed{G}"
599,"FINAL_ANSWERS:
\boxed{1.813022020}"
600,"FINAL_ANSWERS:
\boxed{I}"
601,"FINAL_ANSWERS:
\boxed{(3*s-1), (2*s+1)}"
602,"FINAL_ANSWERS:
\boxed{-70.7767857142857, 0.71875, 53.5669642857143}"
603,"FINAL_ANSWERS:
\boxed{C, A, B}"
604,"FINAL_ANSWERS:
\boxed{J}"
605,"FINAL_ANSWERS:
\boxed{45.6}"
606,"FINAL_ANSWERS:
\boxed{E}"
607,"FINAL_ANSWERS:
\boxed{0, 0, 4, 0, 0, 14, 6, 6, 20, -6, -6, 0, -4, -4, 10, -4, -4, -12}"
608,"FINAL_ANSWERS:
\boxed{B, A, A, 1981}"
609,"FINAL_ANSWERS:
\boxed{276.5863337}"
610,"FINAL_ANSWERS:
\boxed{4pi}"
611,"FINAL_ANSWERS:
\boxed{1.355987002}"
612,"FINAL_ANSWERS:
\boxed{68, 81}"
613,"FINAL_ANSWERS:
\boxed{I}"
614,"FINAL_ANSWERS:
\boxed{I}"
615,"FINAL_ANSWERS:
\boxed{14, 9}"
616,"FINAL_ANSWERS:
\boxed{J}"
617,"FINAL_ANSWERS:
\boxed{left, 7, up, 6}"
618,"FINAL_ANSWERS:
\boxed{A}"
619,"FINAL_ANSWERS:
\boxed{-3.225, 0.00123, A}"
620,"FINAL_ANSWERS:
\boxed{1.511857892, 2.285714286, 1.69012, B}"
621,"FINAL_ANSWERS:
\boxed{153-k}"
622,"FINAL_ANSWERS:
\boxed{3.8544, 2.567, Yes, Yes}"
623,"FINAL_ANSWERS:
\boxed{T, F, F, F, T, T}"
624,"FINAL_ANSWERS:
\boxed{F}"
625,"FINAL_ANSWERS:
\boxed{5*(x+2)*(x+3)}"
626,"FINAL_ANSWERS:
\boxed{G}"
627,"FINAL_ANSWERS:
\boxed{346.8407814411537}"
628,"FINAL_ANSWERS:
\boxed{76, 75.7, 75.67, 75.673}"
629,"FINAL_ANSWERS:
\boxed{4}"
630,"FINAL_ANSWERS:
\boxed{71.981, 564.365}"
631,"FINAL_ANSWERS:
\boxed{A}"
632,"FINAL_ANSWERS:
\boxed{23}"
633,"Okay, let's tackle part (a) first. The question is asking what operation on both sides of the equation 7x = 56 isolates the variable x on one side. The options are A to G.

So, the equation is 7x = 56. To isolate x, we need to get rid of the coefficient 7 that's multiplied by x. The standard way is to divide both sides by 7, which would give x = 56/7. Let me check the options. Option D is ""Dividing by 7"". That seems right.

Wait, but the problem says ""there may be more than one correct answer"". Let's see the other options. Option B is ""Multiplying by 1/7"". Multiplying both sides by 1/7 is the same as dividing by 7, right? Because multiplying by 1/7 is equivalent to dividing by 7. So both B and D might be correct? Let me think.

If you multiply both sides by 1/7, you get (7x)*(1/7) = 56*(1/7), which simplifies to x = 8. Similarly, dividing both sides by 7 gives x = 8. So both B and D are correct operations. Let's check the other options.

Option A: Multiplying by 7. That would give 49x = 392, which doesn't isolate x. So A is wrong.

Option C: Adding 7. Adding 7 to both sides gives 7x +7 = 63, which still has x multiplied by 7. Not helpful.

Option E: Dividing by 7x. That would give 1 = 56/(7x), which is 1 = 8/x, so x=8. Wait, but dividing by 7x would be (7x)/(7x) = 56/(7x) → 1 = 8/x → x=8. Hmm, but does that isolate x? Let's see. If you divide both sides by 7x, you get 1 = 56/(7x), which is a different equation. But the problem says ""isolates the variable on one side"". So after dividing by 7x, you have 1 = 56/(7x), which is not x by itself. So maybe E is not correct. Let me think. If you divide both sides by 7x, you get 1 = 56/(7x), which is equivalent to x = 56/(7*1) = 8. Wait, but the operation itself is dividing by 7x, which would lead to an equation where x is in the denominator. So maybe E is not a valid operation to isolate x directly. The problem says ""isolates the variable on one side"", so the result should have x alone on one side. Dividing by 7x would not do that; it would have x in the denominator. So E is probably incorrect.

Option F: Dividing by 56. That would give (7x)/56 = 1 → x/8 = 1 → x=8. Wait, but dividing by 56 gives 7x/56 = 1, which simplifies to x/8 =1, so x=8. But the operation here is dividing by 56, which is not the standard way. However, the problem says ""there may be more than one correct answer"". Let's see. If you divide both sides by 56, you get (7x)/56 = 1, which is x/8 =1, so x=8. So technically, that operation does lead to x being isolated (after simplifying), but the problem says ""operation on both sides"". The operation is dividing by 56, but the result is not x alone immediately. Wait, the question says ""isolates the variable on one side"". So after the operation, the variable should be by itself. Let's check each option.

Option D: Dividing by 7. After dividing by 7, you get x = 56/7 =8. So x is isolated on the left side. Correct.

Option B: Multiplying by 1/7. After multiplying by 1/7, you get x = 56*(1/7) =8. So x is isolated. Correct.

Option F: Dividing by 56. After dividing by 56, you get (7x)/56 =1 → x/8 =1. So x is not isolated yet; you have to multiply both sides by 8. So this operation alone doesn't isolate x. So F is incorrect.

Option G: Subtracting 7x. That would give 7x -7x =56 -7x → 0=56-7x → 7x=56, which is the same equation. So that's not helpful. So G is wrong.

So the correct answers for part (a) are B and D. Let me confirm. The problem says ""there may be more than one correct answer"". So options B and D.

Now part (b) asks for the solution of 7x=56. So solving for x, divide both sides by 7: x=56/7=8. So the answer is 8.

Wait, the problem says ""Give the solution of the equation 7x=56. x= [ANS]"". So the answer is 8.

Let me check again for part (a). The options are:

A. Multiplying by 7

B. Multiplying by 1/7

C. Adding 7

D. Dividing by 7

E. Dividing by 7x

F. Dividing by 56

G. Subtracting 7x

So B and D are correct. Because multiplying by 1/7 is the same as dividing by 7. So both B and D are correct operations.

Yes, that's right. For example, in algebra, to solve ax = b, you can divide both sides by a (option D) or multiply both sides by 1/a (option B). So both B and D are correct.

So part (a) answers are B and D. Part (b) answer is 8.

The problem says ""Return exactly 2 answers"" for the two [ANS] blanks. Wait, the problem says ""This problem has 2 [ANS] blanks."" So the first blank is for part (a), which has multiple answers (B and D), and the second blank is for part (b).

Wait, the problem says: ""Solve the problem. Keep reasoning short."" The user says ""This problem has 2 [ANS] blanks."" So the first [ANS] is for part (a), which has multiple correct answers (B and D), and the second [ANS] is for part (b) (x=8).

Wait, the problem says ""Return exactly 2 answers."" So the first answer is the list of correct operations (B and D), and the second is 8.

But the problem says ""If there are multiple [ANS] blanks, put answers in the same box separated by commas."" So the first answer is the letters (B, D) and the second is 8.

Wait, the problem says ""Do not box anything before the final answer block."" So the output should be:

FINAL_ANSWERS:
\boxed{B,D,8}

Wait, no. Wait, the problem says ""This problem has 2 [ANS] blanks."" So the first [ANS] is for part (a), which has multiple correct answers (B and D), and the second [ANS] is for part (b) (x=8).

But the problem says ""Return exactly 2 answers."" So the first answer is the list of correct options (B and D), and the second is 8.

Wait, the problem says ""the problem has 2 [ANS] blanks"". So the first blank is part (a), which has multiple answers (B and D), and the second blank is part (b) (x=8).

So the answers are B, D for the first blank (but the problem says ""there may be more than one correct answer"", so the first answer is the list of correct options), and 8 for the second.

But the problem says ""Answer every [ANS] blank in order; do not add extra answers.""

So the first [ANS] blank (part a) has answers B and D, and the second [ANS] blank (part b) has 8.

The problem says ""If one answer is a point, interval, set, list, solution list, or confidence interval, wrap it in parentheses/brackets.""

But here, the first answer is a list of letters (B and D), so we need to present them as B,D.

Wait, the problem says ""Do not box anything before the final answer block."" So the output is:

FINAL_ANSWERS:
\boxed{B,D,8}

Wait, but the problem says ""Return exactly 2 answers."" Wait, no: the problem says ""This problem has 2 [ANS] blanks."" So the first blank is for part (a), which has multiple answers (so the first answer is a list of letters), and the second blank is for part (b), which is a single number.

Wait, the problem says ""Solve the problem. Keep reasoning short."" So the user wants the two answers: the first is the correct operations (B and D), the second is 8.

But the problem says ""Return exactly 2 answers."" So the first answer is ""B, D"" (as a list) and the second is ""8"".

But the problem says ""If there are multiple [ANS] blanks, put answers in the same box separated by commas.""

So the box should have two answers: the first is the list of correct options (B and D), the second is 8.

Wait, but the problem says ""This problem has 2 [ANS] blanks."" So the first [ANS] is part (a), which has multiple answers (so the answer for the first blank is B and D), and the second [ANS] is part (b) (x=8).

So the final answer should be \boxed{B,D,8}? Wait, no. Wait, the problem says ""Return exactly 2 answers."" Wait, no: the problem says ""This problem has 2 [ANS] blanks."" So the first blank is for part (a), which has multiple answers (so the answer for the first blank is a list of letters), and the second blank is for part (b), which is a single number.

But the problem says ""Answer every [ANS] blank in order; do not add extra answers."" So the first [ANS] blank (part a) has two answers (B and D), and the second [ANS] blank (part b) has one answer (8). So total of three answers? Wait, no. Wait, the problem says ""This problem has 2 [ANS] blanks."" So the problem has two blanks, each of which may have multiple answers? Or the problem has two blanks, each to be filled with one answer.

Wait, the problem says: ""Solve the problem. Keep reasoning short."" The user wrote:

""(a) What operation on both sides of the equation 7x=56 isolates the variable on one side? There may be more than one correct answer. [ANS] A. Multiplying by 7 B. Multiplying by 1/7 C. Adding 7 D. Dividing by 7 E. Dividing by 7x F. Dividing by 56 G. Subtracting 7x

(b) Give the solution of the equation 7x=56. x= [ANS]""

So the problem has two [ANS] blanks: the first one (for part a) is a list of correct options (B and D), and the second one (for part b) is the solution (8).

The problem says ""Return exactly 2 answers."" So the first answer is the list of correct options (B and D), and the second answer is 8.

But the problem says ""If there are multiple [ANS] blanks, put answers in the same box separated by commas.""

So the box should have two answers: the first is ""B,D"" (since there are two correct options), and the second is ""8"".

Wait, but the problem says ""Return exactly 2 answers."" So the first answer is a list (B and D), the second is 8. So the box should be \boxed{B,D,8}? Wait, no. Wait, the problem says ""exactly 2 answers"". Wait, the problem says ""This problem has 2 [ANS] blanks."" So each [ANS] blank is a single answer. But part (a) has multiple correct answers, so the first [ANS] blank is a list of letters (B and D), and the second [ANS] blank is 8.

But the problem says ""Answer every [ANS] blank in order; do not add extra answers."" So the first [ANS] blank (part a) has two answers (B and D), and the second [ANS] blank (part b) has one answer (8). But the problem says ""This problem has 2 [ANS] blanks."" So the user probably means that there are two blanks in the problem statement (the [ANS] in part a and part b), each of which is to be filled. But part a has multiple correct answers, so the first blank is filled with the correct options (B and D), and the second blank is filled with 8.

The problem says ""Return exactly 2 answers."" So the first answer is ""B,D"" (as a comma-separated list) and the second answer is ""8"". So the box should be \boxed{B,D,8}? Wait, no. Wait, the problem says ""exactly 2 answers"". Wait, maybe the problem has two blanks, each to be filled with one answer. But part (a) has multiple answers, so the first blank is a list (B and D), and the second blank is 8. So the total answers are two: the list for part a and the number for part b.

But the problem says ""Return exactly 2 answers."" So the first answer is the list (B,D) and the second is 8. So the box should have two answers: ""B,D"" and ""8"". But the problem says ""put answers in the same box separated by commas"". So the box is \boxed{B,D,8}? Wait, no. Wait, the problem says ""exactly 2 answers"". Wait, maybe the problem has two blanks, each to be filled with one answer. But part (a) has multiple correct answers, so the first blank is a list (B and D), which counts as one answer (a list), and the second blank is 8. So the total is two answers: the list and the number.

The problem says ""If one answer is a point, interval, set, list, solution list, or confidence interval, wrap it in parentheses/brackets.""

So the first answer is a list (B, D), so we need to wrap it in brackets? Wait, the problem says ""If one answer is a point, interval, set, list, solution list, or confidence interval, wrap it in parentheses/brackets.""

So the first answer is a list of letters (B and D), so it's a list. So we should wrap it in brackets? Like [B,D]?

Wait, the problem says ""Do not box anything before the final answer block."" So the output is:

FINAL_ANSWERS:
\boxed{[B,D],8}

But the problem says ""No units, labels, [ANS], explanations, or words inside the box."" So the box should have the answers without brackets? Wait, the problem says ""If one answer is a point, interval, set, list, solution list, or confidence interval, wrap it in parentheses/brackets.""

So the first answer is a list (B and D), so it's a list. So we need to wrap it in brackets. So the first answer is [B,D], and the second is 8.

But the problem says ""Do not add extra answers."" So the box should be \boxed{[B,D],8}?

Wait, but the problem says ""For formula/expression/equation blanks, use explicit multiplication and clear powers."" But here it's a list of options.

Wait, the problem says ""keep the requested symbolic form"". For part (a), the answer is the letters of the correct options.

Let me check the problem statement again: ""What operation on both sides of the equation 7x=56 isolates the variable on one side? There may be more than one correct answer.""

The options are labeled A to G. So the correct answers are B and D.

So the first [ANS] blank (part a) is ""B, D"" (as a list), and the second [ANS] blank (part b) is ""8"".

The problem says ""Return exactly 2 answers."" So the first answer is the list (B and D), the second is 8.

The problem says ""If one answer is a list, wrap it in brackets."" So the first answer should be [B,D], and the second is 8.

But the problem says ""No units, labels, [ANS], explanations, or words inside the box.""

So the box should be \boxed{[B,D],8}

Wait, but the problem says ""Do not box anything before the final answer block."" So the output is:

FINAL_ANSWERS:
\boxed{[B,D],8}

But wait, the problem says ""If one answer is a point, interval, set, list, solution list, or confidence interval, wrap it in parentheses/brackets.""

So a list should be in brackets. So [B,D] is correct.

But the problem says ""Do not add extra answers."" So the two answers are [B,D] and 8.

Wait, but the problem says ""Return exactly 2 answers."" So the first answer is the list (wrapped in brackets), the second is 8.

But the problem says ""the problem has 2 [ANS] blanks"". So each [ANS] is a single answer. The first [ANS] is a list (so one answer), the second [ANS] is a number (one answer). So total two answers.

Yes. So the answer is \boxed{[B,D],8}

Wait, but in the problem statement, the user says ""Do not box anything before the final answer block."" So the output is:

FINAL_ANSWERS:
\boxed{[B,D],8}

But let me check if the problem expects the list without brackets. The problem says ""If one answer is a list, wrap it in brackets."" So yes, it should be [B,D].

But maybe the problem expects the answers as letters separated by commas without brackets. Let me think.

The problem says ""If one answer is a point, interval, set, list, solution list, or confidence interval, wrap it in parentheses/brackets.""

So a list is a list, so it should be in brackets. So [B,D].

But in the problem statement, the options are labeled with letters, so the answer is the letters B and D.

In some contexts, multiple answers are written as B, D without brackets. But the problem specifies to wrap lists in brackets.

Hmm. Let's see. For example, if the answer was a set, it would be {B,D}, but the problem says ""list"" so brackets.

But the problem says ""wrap it in parentheses/brackets"". So for a list, brackets.

But maybe the problem expects just the letters separated by commas, without brackets. Let's see.

The problem says ""Do not add extra answers."" So the answer for part (a) is B and D.

In the context of multiple-choice questions with multiple correct answers, the answers are often listed as B, D.

The problem says ""there may be more than one correct answer"". So the first answer is ""B, D"".

The problem says ""If one answer is a list, wrap it in brackets."" So if it's a list, wrap in brackets.

But the problem says ""Do not add extra answers."" So the answer for part (a) is a list of letters, so we need to put it in brackets.

But I'm a bit confused. Let's think of standard practice.

In math problems, when you have multiple correct answers, you list them with commas. For example, if the answer is B and D, you write B, D.

The problem says ""If one answer is a list, wrap it in brackets."" So if the answer is a list, then [B,D].

But the problem says ""Do not add extra answers."" So the answer for part (a) is a list (B and D), so it's wrapped in brackets.

So the final answer is \boxed{[B,D],8}

Wait, but the problem says ""Return exactly 2 answers."" So the first answer is [B,D], the second is 8.

Yes.

But let me check part (b). The solution is x=8, so the answer is 8.

Yes.

So the two answers are [B,D] and 8.

But the problem says ""No units, labels, [ANS], explanations, or words inside the box.""

So the box should be \boxed{[B,D],8}

Wait, but the problem says ""For formula/expression/equation blanks, use explicit multiplication and clear powers."" But here it's not a formula, it's a list of options.

I think the answer is \boxed{B,D,8} without brackets. Because the problem says ""If one answer is a list, wrap it in brackets."" But maybe in this context, since it's multiple letters, they just want the letters separated by commas.

Let me think. In the problem statement, the user says ""Do not box anything before the final answer block."" So the answer is two answers: the first is the list of correct options (B and D), the second is 8.

In many math problems, when you have multiple correct answers, you list them with commas without brackets. For example, in a multiple-choice question with multiple answers, you write B, D.

The problem says ""If one answer is a list, wrap it in brackets."" So if the answer is a list, then brackets. But maybe the problem expects just the letters.

Wait, the problem says ""the problem has 2 [ANS] blanks"". So the first [ANS] is for part (a), which has multiple answers, so the answer for the first blank is ""B, D"", and the second blank is ""8"".

The problem says ""Answer every [ANS] blank in order; do not add extra answers.""

So the first answer is ""B, D"" (as a string), the second is ""8"".

The problem says ""If one answer is a list, wrap it in brackets."" So the first answer is a list, so it should be [B,D].

But the problem says ""Do not add extra answers."" So the answer is [B,D] and 8.

But I'm not sure. Let's see.

In the problem statement, the user says ""Keep reasoning short."" So I'll go with the most straightforward.

The correct operations are B and D. So the first answer is B and D. The solution is 8.

The problem says ""Return exactly 2 answers."" So the first answer is B,D (as a comma-separated list), the second is 8.

The problem says ""If one answer is a list, wrap it in brackets."" So the first answer should be [B,D].

But maybe the problem doesn't require brackets here. Let's see.

In the problem's example, they say ""For money, percent, units, statistics, and trig values, keep 10-15 significant digits unless rounding is stated."" But this is not a numerical value.

Given the time I've spent, I think the answer is \boxed{B,D,8}.

Wait, but the problem says ""exactly 2 answers"". Wait, no: the problem says ""This problem has 2 [ANS] blanks."" So the first blank is part (a), which has multiple answers (so the answer for the first blank is two answers), and the second blank is part (b), which has one answer. But the problem says ""Return exactly 2 answers."" So the total answers are two: the list for part (a) and the number for part (b).

But the problem says ""Answer every [ANS] blank in order"". So the first [ANS] blank (part a) has two answers (B and D), and the second [ANS] blank (part b) has one answer (8). But the problem says ""This problem has 2 [ANS] blanks"", so each [ANS] is a single blank. So the first blank is filled with ""B, D"" (as a list), and the second blank is filled with ""8"".

The problem says ""put answers in the same box separated by commas"". So the box has two answers: the first is ""B,D"" (as a string), the second is ""8"".

So the box is \boxed{B,D,8}

But the problem says ""If one answer is a list, wrap it in brackets."" So maybe it's \boxed{[B,D],8}

But I think in this context, since it's multiple-choice options, the standard is to list them with commas without brackets. For example, in many tests, you write ""B, D"" for multiple answers.

The problem says ""Do not add extra answers."" So the answer is B, D for the first blank, 8 for the second.

So the final answer is \boxed{B,D,8}

Yes, I think that's it.
</think>

FINAL_ANSWERS:
\boxed{B,D,8}"
634,"FINAL_ANSWERS:
\boxed{109}"
635,"FINAL_ANSWERS:
\boxed{37.6, 0.746, -25.4}"
636,"FINAL_ANSWERS:
\boxed{5}"
637,"FINAL_ANSWERS:
\boxed{A, B, F, C, D, E}"
638,"FINAL_ANSWERS:
\boxed{0.151, (-infty,-1.75)*U(1.75,infty), 0.880, D}"
639,"FINAL_ANSWERS:
\boxed{3.325}"
640,"FINAL_ANSWERS:
\boxed{G}"
641,"FINAL_ANSWERS:
\boxed{6.4, 46.08}"
642,"FINAL_ANSWERS:
\boxed{6, (pi)/(3), 13}"
643,"FINAL_ANSWERS:
\boxed{True, False, False, True, False}"
644,"FINAL_ANSWERS:
\boxed{A}"
645,"FINAL_ANSWERS:
\boxed{129*n-11500}"
646,"FINAL_ANSWERS:
\boxed{J}"
647,"FINAL_ANSWERS:
\boxed{B}"
648,"FINAL_ANSWERS:
\boxed{11.51+0.83*x, 30.60}"
649,"FINAL_ANSWERS:
\boxed{**We list the first 20*positive integers**not divisible by 3**:}"
650,"FINAL_ANSWERS:
\boxed{J}"
651,"FINAL_ANSWERS:
\boxed{73, 114.4867895}"
652,"FINAL_ANSWERS:
\boxed{2}"
653,"FINAL_ANSWERS:
\boxed{(600-45*t)/7, 85.71428571428571, 47.14285714285714}"
654,"FINAL_ANSWERS:
\boxed{\sqrt{19}, 2, 2, 2}"
655,"FINAL_ANSWERS:
\boxed{S=0.85*L}"
656,"FINAL_ANSWERS:
\boxed{6*x**(2)-23*x+15}"
657,"FINAL_ANSWERS:
\boxed{172.516685226, 187.483314774, 172.872614248, 187.127385752, 0.0000000000, 5.167195220, -10.33439044, 10.33439044}"
658,"FINAL_ANSWERS:
\boxed{A}"
659,"FINAL_ANSWERS:
\boxed{29.94}"
660,"FINAL_ANSWERS:
\boxed{E}"
661,"FINAL_ANSWERS:
\boxed{r=(h+4000)/1000, w=2880000000/(h+4000)**(2)}"
662,"FINAL_ANSWERS:
\boxed{23}"
663,"FINAL_ANSWERS:
\boxed{A}"
664,"FINAL_ANSWERS:
\boxed{83/100, 83/99}"
665,"FINAL_ANSWERS:
\boxed{B}"
666,"FINAL_ANSWERS:
\boxed{76*e**(0.4267844058*t), 42.67844058}"
667,"FINAL_ANSWERS:
\boxed{H}"
668,"FINAL_ANSWERS:
\boxed{G}"
669,"FINAL_ANSWERS:
\boxed{H}"
670,"FINAL_ANSWERS:
\boxed{A}"
671,"FINAL_ANSWERS:
\boxed{1.71, 113.2}"
672,"FINAL_ANSWERS:
\boxed{D}"
673,"FINAL_ANSWERS:
\boxed{1}"
674,"FINAL_ANSWERS:
\boxed{8*x+7}"
675,"FINAL_ANSWERS:
\boxed{J}"
676,"FINAL_ANSWERS:
\boxed{D, A, A}"
677,"FINAL_ANSWERS:
\boxed{F}"
678,"FINAL_ANSWERS:
\boxed{13960}"
679,"FINAL_ANSWERS:
\boxed{11.00200033}"
680,"FINAL_ANSWERS:
\boxed{0.035, 0.053, 0.078, A}"
681,"FINAL_ANSWERS:
\boxed{28900, 170, 135, 205}"
682,"FINAL_ANSWERS:
\boxed{S}"
683,"FINAL_ANSWERS:
\boxed{-0.65}"
684,"FINAL_ANSWERS:
\boxed{-1.554990893}"
685,"FINAL_ANSWERS:
\boxed{C,D}"
686,"FINAL_ANSWERS:
\boxed{D}"
687,"FINAL_ANSWERS:
\boxed{24500}"
688,"FINAL_ANSWERS:
\boxed{3}"
689,"FINAL_ANSWERS:
\boxed{45, 43}"
690,"FINAL_ANSWERS:
\boxed{B}"
691,"FINAL_ANSWERS:
\boxed{(19.670845928,26.995820738)}"
692,"FINAL_ANSWERS:
\boxed{1.24}"
693,"FINAL_ANSWERS:
\boxed{30, 7.5, 5.5}"
694,"FINAL_ANSWERS:
\boxed{6750+9*x, 36*x, 27*x-6750, 250}"
695,"FINAL_ANSWERS:
\boxed{B}"
696,"FINAL_ANSWERS:
\boxed{(x+8), -81}"
697,"FINAL_ANSWERS:
\boxed{60}"
698,"FINAL_ANSWERS:
\boxed{-50.92}"
699,"FINAL_ANSWERS:
\boxed{6, 3}"
700,"FINAL_ANSWERS:
\boxed{F}"
701,"FINAL_ANSWERS:
\boxed{22}"
702,"FINAL_ANSWERS:
\boxed{-u**(4)-4*u**(3)+3*u**(2)-6*u-8}"
703,"FINAL_ANSWERS:
\boxed{B}"
704,"FINAL_ANSWERS:
\boxed{3.65, 1.645, B}"
705,"FINAL_ANSWERS:
\boxed{T, F, F, T}"
706,"FINAL_ANSWERS:
\boxed{2047.22}"
707,"FINAL_ANSWERS:
\boxed{5200, 2600}"
708,"FINAL_ANSWERS:
\boxed{-4.5,4.5,-20.25, -4.5,4.5,-20.25}"
709,"FINAL_ANSWERS:
\boxed{E}"
710,"FINAL_ANSWERS:
\boxed{1.837716813857364,4.728653800501809}"
711,"FINAL_ANSWERS:
\boxed{D}"
712,"FINAL_ANSWERS:
\boxed{D, D, A}"
713,"FINAL_ANSWERS:
\boxed{-3, not real}"
714,"FINAL_ANSWERS:
\boxed{A}"
715,"FINAL_ANSWERS:
\boxed{(5,7,9,13), 8.5, (6,7,8,9,10,11), 8.5}"
716,"FINAL_ANSWERS:
\boxed{0.575757575757575}"
717,"FINAL_ANSWERS:
\boxed{7992}"
718,"FINAL_ANSWERS:
\boxed{65761800, 72704000, median}"
719,"FINAL_ANSWERS:
\boxed{E}"
720,"FINAL_ANSWERS:
\boxed{I}"
721,"FINAL_ANSWERS:
\boxed{D, A, A}"
722,"FINAL_ANSWERS:
\boxed{5.616}"
723,"FINAL_ANSWERS:
\boxed{-\frac{\sqrt{3}}{2}, -\frac{\sqrt{2}}{2}}"
724,"FINAL_ANSWERS:
\boxed{1}"
725,"FINAL_ANSWERS:
\boxed{41.304, 13.277, A}"
726,"FINAL_ANSWERS:
\boxed{7, 48}"
727,"FINAL_ANSWERS:
\boxed{A}"
728,"FINAL_ANSWERS:
\boxed{80000}"
729,"FINAL_ANSWERS:
\boxed{G}"
730,"FINAL_ANSWERS:
\boxed{I}"
731,"FINAL_ANSWERS:
\boxed{J}"
732,"FINAL_ANSWERS:
\boxed{H}"
733,"FINAL_ANSWERS:
\boxed{68, 247, 97, 17}"
734,"FINAL_ANSWERS:
\boxed{4830, 4.83}"
735,"FINAL_ANSWERS:
\boxed{28, 42.5, 55, -29, 82, 27, A}"
736,"FINAL_ANSWERS:
\boxed{\sqrt{30}/2}"
737,"FINAL_ANSWERS:
\boxed{2140}"
738,"FINAL_ANSWERS:
\boxed{A, C, A, A}"
739,"FINAL_ANSWERS:
\boxed{(Q)/(1-Z)}"
740,"FINAL_ANSWERS:
\boxed{5184/(81*cos**(2)*t-64*sin**(2)*t)}"
741,"FINAL_ANSWERS:
\boxed{H}"
742,"FINAL_ANSWERS:
\boxed{241.0}"
743,"FINAL_ANSWERS:
\boxed{430}"
744,"FINAL_ANSWERS:
\boxed{26.875, 32.1875}"
745,"FINAL_ANSWERS:
\boxed{2*sin(C)*cos(C), cos(A)*cos(B)-sin(A)*sin(B), (2*tan(C))/(1-tan(C)**2), sin(A)*cos(B)-cos(A)*sin(B), sin(A)*cos(B)+cos(A)*sin(B), cos(A)*cos(B)+sin(A)*sin(B), (1-cos(x))/sin(x), cos(C)**2-sin(C)**2}"
746,"FINAL_ANSWERS:
\boxed{17417, 30856, 808694, 103863, 876259, 924095, 21108}"
747,"FINAL_ANSWERS:
\boxed{A}"
748,"FINAL_ANSWERS:
\boxed{222.51, 186.49, 79.43, 66.57, 50.05, 41.95, 31.01, 25.99, 20.79, 3, 11.34, B}"
749,"FINAL_ANSWERS:
\boxed{(5,5,5,5,5), is, (14/9,19/14,24/19,29/24,34/29), is not, 5*n+9, (-1)**(n+1)*(5*n+9)}"
750,"FINAL_ANSWERS:
\boxed{36.97505903, -0.0512932944, CE}"
751,"FINAL_ANSWERS:
\boxed{3}"
752,"FINAL_ANSWERS:
\boxed{D}"
753,"FINAL_ANSWERS:
\boxed{A, 0.246, A, 16.556}"
754,"FINAL_ANSWERS:
\boxed{60*x**(2)+65*x}"
755,"FINAL_ANSWERS:
\boxed{F}"
756,"FINAL_ANSWERS:
\boxed{109.270408163, 520.163265306}"
757,"FINAL_ANSWERS:
\boxed{C}"
758,"FINAL_ANSWERS:
\boxed{C}"
759,"FINAL_ANSWERS:
\boxed{C}"
760,"FINAL_ANSWERS:
\boxed{I}"
761,"FINAL_ANSWERS:
\boxed{5*f(n-1)+4}"
762,"FINAL_ANSWERS:
\boxed{110*x**(2)+42*x}"
763,"FINAL_ANSWERS:
\boxed{4+9, 8/3}"
764,"FINAL_ANSWERS:
\boxed{((a+b)*(a-b)**(4))/(c**(5))}"
765,"FINAL_ANSWERS:
\boxed{A}"
766,"FINAL_ANSWERS:
\boxed{4.3750, 7.3333, 11.4286}"
767,"FINAL_ANSWERS:
\boxed{D}"
768,"FINAL_ANSWERS:
\boxed{G}"
769,"FINAL_ANSWERS:
\boxed{1620}"
770,"FINAL_ANSWERS:
\boxed{3, 4, 1, 3, 2, 1, 2, 2, 0.5, 2}"
771,"FINAL_ANSWERS:
\boxed{2}"
772,"FINAL_ANSWERS:
\boxed{A}"
773,"FINAL_ANSWERS:
\boxed{a-(14)/(3)}"
774,"FINAL_ANSWERS:
\boxed{24, 28, 33, 39, 42}"
775,"FINAL_ANSWERS:
\boxed{6*sin(x-7)-6}"
776,"FINAL_ANSWERS:
\boxed{A}"
777,"FINAL_ANSWERS:
\boxed{8}"
778,"FINAL_ANSWERS:
\boxed{I}"
779,"FINAL_ANSWERS:
\boxed{F}"
780,"FINAL_ANSWERS:
\boxed{3*t**(14)+6*t**(12)+9*t**(10)}"
781,"FINAL_ANSWERS:
\boxed{\sqrt{15}/8}"
782,"FINAL_ANSWERS:
\boxed{-1517}"
783,"FINAL_ANSWERS:
\boxed{H}"
784,"FINAL_ANSWERS:
\boxed{(17)/(60)}"
785,"FINAL_ANSWERS:
\boxed{F, T, F, F}"
786,"FINAL_ANSWERS:
\boxed{H}"
787,"FINAL_ANSWERS:
\boxed{15558562, 41.55, 46.96}"
788,"FINAL_ANSWERS:
\boxed{A}"
789,"FINAL_ANSWERS:
\boxed{8, 8, -8, -8}"
790,"FINAL_ANSWERS:
\boxed{-20*x**(2)+45*x-25}"
791,"FINAL_ANSWERS:
\boxed{F}"
792,"FINAL_ANSWERS:
\boxed{\dfrac{ln((T)/(V))}{ln((g)/(h))}}"
793,"FINAL_ANSWERS:
\boxed{1.3532, (1.4758,inf), 0.087988, Do Not Reject H₀}"
794,"FINAL_ANSWERS:
\boxed{4.47, 4}"
795,"FINAL_ANSWERS:
\boxed{450, 2, 6}"
796,"FINAL_ANSWERS:
\boxed{F}"
797,"FINAL_ANSWERS:
\boxed{C}"
798,"FINAL_ANSWERS:
\boxed{3924.399184, EXTRANEOUS}"
799,"FINAL_ANSWERS:
\boxed{3}"
800,"FINAL_ANSWERS:
\boxed{140}"
801,"FINAL_ANSWERS:
\boxed{E}"
802,"FINAL_ANSWERS:
\boxed{26/7}"
803,"FINAL_ANSWERS:
\boxed{124}"
804,"FINAL_ANSWERS:
\boxed{F}"
805,"FINAL_ANSWERS:
\boxed{J}"
806,"FINAL_ANSWERS:
\boxed{-\frac{\sqrt{869}}{45}, -(34)/(45), \frac{\sqrt{869}}{34}, \frac{34*\sqrt{869}}{869}, -(45)/(34), -\frac{45*\sqrt{869}}{869}}"
807,"FINAL_ANSWERS:
\boxed{E}"
808,"FINAL_ANSWERS:
\boxed{D}"
809,"FINAL_ANSWERS:
\boxed{3}"
810,"FINAL_ANSWERS:
\boxed{F}"
811,"FINAL_ANSWERS:
\boxed{1.336*10**(-19)}"
812,"FINAL_ANSWERS:
\boxed{512/(sin(2*t))**(6)}"
813,"FINAL_ANSWERS:
\boxed{A, C}"
814,"FINAL_ANSWERS:
\boxed{5, 4.7257, 0.9451, 1.224, 30, 23.1567, 0.7719, 35, 27.8825, 0.7966}"
815,"FINAL_ANSWERS:
\boxed{H}"
816,"FINAL_ANSWERS:
\boxed{8.7, 10.533333333}"
817,"FINAL_ANSWERS:
\boxed{(88)/(21)}"
818,"FINAL_ANSWERS:
\boxed{5*a+6*b, ab}"
819,"FINAL_ANSWERS:
\boxed{E}"
820,"FINAL_ANSWERS:
\boxed{15}"
821,"FINAL_ANSWERS:
\boxed{C, A, A, A}"
822,"FINAL_ANSWERS:
\boxed{199.9195325012}"
823,"FINAL_ANSWERS:
\boxed{14}"
824,"FINAL_ANSWERS:
\boxed{C}"
825,"FINAL_ANSWERS:
\boxed{D}"
826,"FINAL_ANSWERS:
\boxed{1800}"
827,"FINAL_ANSWERS:
\boxed{H}"
828,"FINAL_ANSWERS:
\boxed{99.63386, 110.36614}"
829,"FINAL_ANSWERS:
\boxed{4232}"
830,"FINAL_ANSWERS:
\boxed{9.2153266667}"
831,"FINAL_ANSWERS:
\boxed{E}"
832,"FINAL_ANSWERS:
\boxed{J}"
833,"FINAL_ANSWERS:
\boxed{-19/3,3/4,48/6,40/3}"
834,"FINAL_ANSWERS:
\boxed{(pi)/(4), (3*pi)/(2), -(19*pi)/(6)}"
835,"FINAL_ANSWERS:
\boxed{126}"
836,"FINAL_ANSWERS:
\boxed{1}"
837,"FINAL_ANSWERS:
\boxed{D}"
838,"FINAL_ANSWERS:
\boxed{(23.66,28.34)}"
839,"FINAL_ANSWERS:
\boxed{G}"
840,"FINAL_ANSWERS:
\boxed{G}"
841,"FINAL_ANSWERS:
\boxed{sin(8*(5+\sqrt{x})), 5+\sqrt{sin(8*x)}}"
842,"FINAL_ANSWERS:
\boxed{65.47, 1.552, 6.05, 1.833, B}"
843,"FINAL_ANSWERS:
\boxed{2*y, 10}"
844,"FINAL_ANSWERS:
\boxed{J}"
845,"FINAL_ANSWERS:
\boxed{5}"
846,"FINAL_ANSWERS:
\boxed{3, 1, 2, 3, -2}"
847,"FINAL_ANSWERS:
\boxed{H}"
848,"FINAL_ANSWERS:
\boxed{E}"
849,"FINAL_ANSWERS:
\boxed{4*n+4}"
850,"FINAL_ANSWERS:
\boxed{C}"
851,"FINAL_ANSWERS:
\boxed{B,C}"
852,"FINAL_ANSWERS:
\boxed{414.72}"
853,"FINAL_ANSWERS:
\boxed{C}"
854,"FINAL_ANSWERS:
\boxed{-47/8, -47/6}"
855,"FINAL_ANSWERS:
\boxed{20000, 2000}"
856,"FINAL_ANSWERS:
\boxed{N}"
857,"FINAL_ANSWERS:
\boxed{A, 0.89738, 0.91463, A, 0.90335, 0.92025}"
858,"FINAL_ANSWERS:
\boxed{2.300, 1.694, Yes, Yes}"
859,"FINAL_ANSWERS:
\boxed{1, 2, 2, 4}"
860,"FINAL_ANSWERS:
\boxed{22}"
861,"FINAL_ANSWERS:
\boxed{G}"
862,"FINAL_ANSWERS:
\boxed{I}"
863,"FINAL_ANSWERS:
\boxed{1/t**(69)}"
864,"FINAL_ANSWERS:
\boxed{11.6666666666666, 25.0000000000000}"
865,"FINAL_ANSWERS:
\boxed{7/x-8}"
866,"FINAL_ANSWERS:
\boxed{H}"
867,"FINAL_ANSWERS:
\boxed{E}"
868,"FINAL_ANSWERS:
\boxed{E}"
869,"FINAL_ANSWERS:
\boxed{20.5, (x+y+x*y)/2}"
870,"FINAL_ANSWERS:
\boxed{D}"
871,"FINAL_ANSWERS:
\boxed{G}"
872,"FINAL_ANSWERS:
\boxed{infinity, infinity}"
873,"FINAL_ANSWERS:
\boxed{B}"
874,"FINAL_ANSWERS:
\boxed{J}"
875,"FINAL_ANSWERS:
\boxed{C}"
876,"FINAL_ANSWERS:
\boxed{C}"
877,"FINAL_ANSWERS:
\boxed{F}"
878,"FINAL_ANSWERS:
\boxed{I}"
879,"FINAL_ANSWERS:
\boxed{H}"
880,"FINAL_ANSWERS:
\boxed{35/37, 35/12}"
881,"FINAL_ANSWERS:
\boxed{D}"
882,"FINAL_ANSWERS:
\boxed{1200, 3600}"
883,"FINAL_ANSWERS:
\boxed{656.0885228}"
884,"FINAL_ANSWERS:
\boxed{(x-59)**(2)+74}"
885,"FINAL_ANSWERS:
\boxed{18, 139.875, 18, B}"
886,"FINAL_ANSWERS:
\boxed{A, C}"
887,"FINAL_ANSWERS:
\boxed{I}"
888,"FINAL_ANSWERS:
\boxed{I}"
889,"FINAL_ANSWERS:
\boxed{5, 4*y}"
890,"FINAL_ANSWERS:
\boxed{A, A, C, 6}"
891,"FINAL_ANSWERS:
\boxed{A}"
892,"FINAL_ANSWERS:
\boxed{69.65}"
893,"FINAL_ANSWERS:
\boxed{A, C}"
894,"FINAL_ANSWERS:
\boxed{0.023, 0.872, 2.013, 0.065, 0.067, 0.066, 0.068, 9}"
895,"FINAL_ANSWERS:
\boxed{70*((2)/(7))**((x-10)/(20))}"
896,"FINAL_ANSWERS:
\boxed{False, True, False, False, True, True, False, True}"
897,"FINAL_ANSWERS:
\boxed{84.875}"
898,"FINAL_ANSWERS:
\boxed{48}"
899,"FINAL_ANSWERS:
\boxed{D}"
900,"FINAL_ANSWERS:
\boxed{1200, 3600}"
901,"FINAL_ANSWERS:
\boxed{D}"
902,"FINAL_ANSWERS:
\boxed{9, 6}"
903,"FINAL_ANSWERS:
\boxed{A, C}"
904,"FINAL_ANSWERS:
\boxed{D}"
905,"FINAL_ANSWERS:
\boxed{B, C}"
906,"FINAL_ANSWERS:
\boxed{x=2,x=5}"
907,"FINAL_ANSWERS:
\boxed{6}"
908,"FINAL_ANSWERS:
\boxed{100*(0.83)**(t), 39.390}"
909,"FINAL_ANSWERS:
\boxed{1520}"
910,"FINAL_ANSWERS:
\boxed{1134, 16}"
911,"FINAL_ANSWERS:
\boxed{S}"
912,"FINAL_ANSWERS:
\boxed{6012.271669}"
913,"FINAL_ANSWERS:
\boxed{G}"
914,"FINAL_ANSWERS:
\boxed{0.190102934, 0.247397066}"
915,"FINAL_ANSWERS:
\boxed{-2}"
916,"FINAL_ANSWERS:
\boxed{4.242640687119285, 8.48528137423857, 18}"
917,"FINAL_ANSWERS:
\boxed{189.8, 246.4, 43}"
918,"FINAL_ANSWERS:
\boxed{B}"
919,"FINAL_ANSWERS:
\boxed{0.04}"
920,"FINAL_ANSWERS:
\boxed{178}"
921,"FINAL_ANSWERS:
\boxed{D}"
922,"FINAL_ANSWERS:
\boxed{B}"
923,"FINAL_ANSWERS:
\boxed{-6.2*x+297.6, 93, 48}"
924,"FINAL_ANSWERS:
\boxed{n=0.2*t+55, 2010}"
925,"FINAL_ANSWERS:
\boxed{276}"
926,"FINAL_ANSWERS:
\boxed{-3*t**(2)-6*t+2}"
927,"FINAL_ANSWERS:
\boxed{False, True, True, True, False, False}"
928,"FINAL_ANSWERS:
\boxed{E}"
929,"FINAL_ANSWERS:
\boxed{5.860, (-0.78,3.18), A}"
930,"FINAL_ANSWERS:
\boxed{E}"
931,"FINAL_ANSWERS:
\boxed{3, -3}"
932,"FINAL_ANSWERS:
\boxed{26}"
933,"FINAL_ANSWERS:
\boxed{E}"
934,"FINAL_ANSWERS:
\boxed{H}"
935,"FINAL_ANSWERS:
\boxed{H}"
936,"FINAL_ANSWERS:
\boxed{17.1875}"
937,"FINAL_ANSWERS:
\boxed{640}"
938,"FINAL_ANSWERS:
\boxed{49.88}"
939,"FINAL_ANSWERS:
\boxed{E}"
940,"FINAL_ANSWERS:
\boxed{B}"
941,"FINAL_ANSWERS:
\boxed{A, C, A, A, B, C}"
942,"FINAL_ANSWERS:
\boxed{36}"
